
> user-frontend@0.1.0 serve
> vue-cli-service serve "--port" "8082"

 INFO  Starting development server...
[3%] setup (watch run)
[2K[1A[2K[G[3%] setup (watch run webpack-dev-middleware)
[2K[1A[2K[G[3%] setup (watch run)
[2K[1A[2K[G[4%] setup (normal module factory)
[2K[1A[2K[G[4%] setup (normal module factory CaseSensitivePathsPlugin)
[2K[1A[2K[G[4%] setup (normal module factory)
[2K[1A[2K[G[5%] setup (context module factory)
[2K[1A[2K[G[6%] setup (before compile)
[2K[1A[2K[G[6%] setup (before compile ProgressPlugin)
[2K[1A[2K[G[6%] setup (before compile)
[2K[1A[2K[G[7%] setup (compile)
[2K[1A[2K[G[7%] setup (compile ExternalsPlugin)
[2K[1A[2K[G[7%] setup (compile)
[2K[1A[2K[G[8%] setup (compilation)
[2K[1A[2K[G[8%] setup (compilation HtmlWebpackPlugin)
[2K[1A[2K[G[8%] setup (compilation CopyPlugin)
[2K[1A[2K[G[8%] setup (compilation ArrayPushCallbackChunkFormatPlugin)
[2K[1A[2K[G[8%] setup (compilation JsonpChunkLoadingPlugin)
[2K[1A[2K[G[8%] setup (compilation StartupChunkDependenciesPlugin)
[2K[1A[2K[G[8%] setup (compilation ImportScriptsChunkLoadingPlugin)
[2K[1A[2K[G[8%] setup (compilation WorkerPlugin)
[2K[1A[2K[G[8%] setup (compilation SplitChunksPlugin)
[2K[1A[2K[G[8%] setup (compilation ResolverCachePlugin)
[2K[1A[2K[G[8%] setup (compilation)
[2K[1A[2K[G[9%] setup (compilation)
[2K[1A[2K[G[9%] setup (compilation vue-loader-plugin)
[2K[1A[2K[G[9%] setup (compilation DefinePlugin)
[2K[1A[2K[G[9%] setup (compilation ProgressPlugin)
[2K[1A[2K[G[9%] setup (compilation EntryPlugin)
[2K[1A[2K[G[9%] setup (compilation ExternalsPlugin)
[2K[1A[2K[G[9%] setup (compilation ChunkPrefetchPreloadPlugin)
[2K[1A[2K[G[9%] setup (compilation ModuleInfoHeaderPlugin)
[2K[1A[2K[G[9%] setup (compilation EvalSourceMapDevToolPlugin)
[2K[1A[2K[G[9%] setup (compilation JavascriptModulesPlugin)
[2K[1A[2K[G[9%] setup (compilation JsonModulesPlugin)
[2K[1A[2K[G[9%] setup (compilation AssetModulesPlugin)
[2K[1A[2K[G[9%] setup (compilation EntryPlugin)
[2K[1A[2K[G[9%] setup (compilation RuntimePlugin)
[2K[1A[2K[G[9%] setup (compilation InferAsyncModulesPlugin)
[2K[1A[2K[G[9%] setup (compilation DataUriPlugin)
[2K[1A[2K[G[9%] setup (compilation FileUriPlugin)
[2K[1A[2K[G[9%] setup (compilation CompatibilityPlugin)
[2K[1A[2K[G[9%] setup (compilation HarmonyModulesPlugin)
[2K[1A[2K[G[9%] setup (compilation AMDPlugin)
[2K[1A[2K[G[9%] setup (compilation RequireJsStuffPlugin)
[2K[1A[2K[G[9%] setup (compilation CommonJsPlugin)
[2K[1A[2K[G[9%] setup (compilation LoaderPlugin)
[2K[1A[2K[G[9%] setup (compilation NodeStuffPlugin)
[2K[1A[2K[G[9%] setup (compilation APIPlugin)
[2K[1A[2K[G[9%] setup (compilation ExportsInfoApiPlugin)
[2K[1A[2K[G[9%] setup (compilation WebpackIsIncludedPlugin)
[2K[1A[2K[G[9%] setup (compilation ConstPlugin)
[2K[1A[2K[G[9%] setup (compilation UseStrictPlugin)
[2K[1A[2K[G[9%] setup (compilation RequireIncludePlugin)
[2K[1A[2K[G[9%] setup (compilation RequireEnsurePlugin)
[2K[1A[2K[G[9%] setup (compilation RequireContextPlugin)
[2K[1A[2K[G[9%] setup (compilation ImportPlugin)
[2K[1A[2K[G[9%] setup (compilation ImportMetaContextPlugin)
[2K[1A[2K[G[9%] setup (compilation SystemPlugin)
[2K[1A[2K[G[9%] setup (compilation ImportMetaPlugin)
[2K[1A[2K[G[9%] setup (compilation URLPlugin)
[2K[1A[2K[G[9%] setup (compilation DefaultStatsFactoryPlugin)
[2K[1A[2K[G[9%] setup (compilation DefaultStatsPresetPlugin)
[2K[1A[2K[G[9%] setup (compilation DefaultStatsPrinterPlugin)
[2K[1A[2K[G[9%] setup (compilation JavascriptMetaInfoPlugin)
[2K[1A[2K[G[9%] setup (compilation EnsureChunkConditionsPlugin)
[2K[1A[2K[G[9%] setup (compilation RemoveEmptyChunksPlugin)
[2K[1A[2K[G[9%] setup (compilation MergeDuplicateChunksPlugin)
[2K[1A[2K[G[9%] setup (compilation SideEffectsFlagPlugin)
[2K[1A[2K[G[9%] setup (compilation FlagDependencyExportsPlugin)
[2K[1A[2K[G[9%] setup (compilation NamedModuleIdsPlugin)
[2K[1A[2K[G[9%] setup (compilation NamedChunkIdsPlugin)
[2K[1A[2K[G[9%] setup (compilation DefinePlugin)
[2K[1A[2K[G[9%] setup (compilation TemplatedPathPlugin)
[2K[1A[2K[G[9%] setup (compilation RecordIdsPlugin)
[2K[1A[2K[G[9%] setup (compilation WarnCaseSensitiveModulesPlugin)
[2K[1A[2K[G[9%] setup (compilation EntryPlugin)
[2K[1A[2K[G[9%] setup (compilation ProvidePlugin)
[2K[1A[2K[G[9%] setup (compilation HotModuleReplacementPlugin)
[2K[1A[2K[G[9%] setup (compilation ProgressPlugin)
[2K[1A[2K[G[9%] setup (compilation)
[2K[1A[2K[G[10%] building 
[2K[1A[2K[G[10%] building (0/0 modules)
[2K[1A[2K[G[10%] building (import loader babel-loader/lib/index.js)
[2K[1A[2K[G[10%] building (0/3 modules)
[2K[1A[2K[G[24%] building (7/15 modules)
[2K[1A[2K[G[24%] building (import loader @vue/vue-loader-v15/lib/index.js)
[2K[1A[2K[G[24%] building (17/28 modules)
[2K[1A[2K[G[24%] building (import loader @vue/vue-loader-v15/lib/loaders/pitcher.js)
[2K[1A[2K[G[24%] building (18/56 modules)
[2K[1A[2K[G[24%] building (import loader @vue/vue-loader-v15/lib/loaders/templateLoader.js)
[2K[1A[2K[G[24%] building (18/56 modules)
[2K[1A[2K[G[24%] building (import loader vue-style-loader/index.js)
[2K[1A[2K[G[24%] building (import loader css-loader/dist/cjs.js)
[2K[1A[2K[G[24%] building (import loader postcss-loader/dist/cjs.js)
[2K[1A[2K[G[24%] building (31/81 modules)
[2K[1A[2K[G[38%] building (32/81 modules)
[2K[1A[2K[G[38%] building (import loader @vue/vue-loader-v15/lib/loaders/stylePostLoader.js
)
[2K[1A[2K[1A[2K[G[38%] building (38/119 modules)
[2K[1A[2K[G[51%] building (64/173 modules)
[2K[1A[2K[G[51%] building (164/269 modules)
[2K[1A[2K[G[65%] building (283/283 modules)
[2K[1A[2K[G[65%] building 
[2K[1A[2K[G[69%] building (finish)
[2K[1A[2K[G[70%] sealing (finish module graph)
[2K[1A[2K[G[70%] sealing (finish module graph ResolverCachePlugin)
[2K[1A[2K[G[70%] sealing (finish module graph InferAsyncModulesPlugin)
[2K[1A[2K[G[70%] sealing (finish module graph FlagDependencyExportsPlugin)
[2K[1A[2K[G[70%] sealing (finish module graph)
[2K[1A[2K[G[71%] sealing (plugins)
[2K[1A[2K[G[71%] sealing (plugins WarnCaseSensitiveModulesPlugin)
[2K[1A[2K[G[71%] sealing (plugins)
[2K[1A[2K[G[71%] sealing (dependencies optimization)
[2K[1A[2K[G[71%] sealing (dependencies optimization SideEffectsFlagPlugin)
[2K[1A[2K[G[71%] sealing (dependencies optimization)
[2K[1A[2K[G[72%] sealing (after dependencies optimization)
[2K[1A[2K[G[73%] sealing (chunk graph)
[2K[1A[2K[G[73%] sealing (after chunk graph)
[2K[1A[2K[G[74%] sealing (optimizing)
[2K[1A[2K[G[74%] sealing (module optimization)
[2K[1A[2K[G[75%] sealing (after module optimization)
[2K[1A[2K[G[76%] sealing (chunk optimization)
[2K[1A[2K[G[76%] sealing (chunk optimization EnsureChunkConditionsPlugin)
[2K[1A[2K[G[76%] sealing (chunk optimization RemoveEmptyChunksPlugin)
[2K[1A[2K[G[76%] sealing (chunk optimization MergeDuplicateChunksPlugin)
[2K[1A[2K[G[76%] sealing (chunk optimization SplitChunksPlugin)
[2K[1A[2K[G[76%] sealing (chunk optimization RemoveEmptyChunksPlugin)
[2K[1A[2K[G[76%] sealing (chunk optimization)
[2K[1A[2K[G[76%] sealing (after chunk optimization)
[2K[1A[2K[G[77%] sealing (module and chunk tree optimization)
[2K[1A[2K[G[77%] sealing (module and chunk tree optimization PersistentChildCompilerSinglet
onPlugin)
[2K[1A[2K[1A[2K[G[77%] sealing (module and chunk tree optimization)
[2K[1A[2K[G[78%] sealing (after module and chunk tree optimization)
[2K[1A[2K[G[78%] sealing (chunk modules optimization)
[2K[1A[2K[G[79%] sealing (after chunk modules optimization)
[2K[1A[2K[G[80%] sealing (module reviving)
[2K[1A[2K[G[80%] sealing (module reviving RecordIdsPlugin)
[2K[1A[2K[G[80%] sealing (module reviving)
[2K[1A[2K[G[80%] sealing (before module ids)
[2K[1A[2K[G[81%] sealing (module ids)
[2K[1A[2K[G[81%] sealing (module ids NamedModuleIdsPlugin)
[2K[1A[2K[G[81%] sealing (module ids)
[2K[1A[2K[G[82%] sealing (module id optimization)
[2K[1A[2K[G[82%] sealing (module id optimization)
[2K[1A[2K[G[83%] sealing (chunk reviving)
[2K[1A[2K[G[83%] sealing (chunk reviving RecordIdsPlugin)
[2K[1A[2K[G[83%] sealing (chunk reviving)
[2K[1A[2K[G[83%] sealing (before chunk ids)
[2K[1A[2K[G[84%] sealing (chunk ids)
[2K[1A[2K[G[84%] sealing (chunk ids NamedChunkIdsPlugin)
[2K[1A[2K[G[84%] sealing (chunk ids)
[2K[1A[2K[G[85%] sealing (chunk id optimization)
[2K[1A[2K[G[85%] sealing (after chunk id optimization)
[2K[1A[2K[G[86%] sealing (record modules)
[2K[1A[2K[G[86%] sealing (record modules RecordIdsPlugin)
[2K[1A[2K[G[86%] sealing (record modules)
[2K[1A[2K[G[87%] sealing (record chunks)
[2K[1A[2K[G[87%] sealing (record chunks RecordIdsPlugin)
[2K[1A[2K[G[87%] sealing (record chunks)
[2K[1A[2K[G[87%] sealing (module hashing)
[2K[1A[2K[G[88%] sealing (code generation)
[2K[1A[2K[G[89%] sealing (runtime requirements)
[2K[1A[2K[G[89%] sealing (hashing)
[2K[1A[2K[G[90%] sealing (after hashing)
[2K[1A[2K[G[91%] sealing (record hash)
[2K[1A[2K[G[91%] sealing (module assets processing)
[2K[1A[2K[G[92%] sealing (chunk assets processing)
[2K[1A[2K[G[92%] sealing (asset processing)
[2K[1A[2K[G[92%] sealing (asset processing copy-webpack-plugin)
[2K[1A[2K[G[92%] sealing (asset processing HotModuleReplacementPlugin)
[2K[1A[2K[G[92%] sealing (asset processing PersistentChildCompilerSingletonPlugin)
[2K[1A[2K[G[92%] sealing (asset processing HtmlWebpackPlugin)
[2K[1A[2K[G[92%] sealing (asset processing)
[2K[1A[2K[G[93%] sealing (after asset optimization)
[2K[1A[2K[G[94%] sealing (recording)
[2K[1A[2K[G[94%] sealing (recording HotModuleReplacementPlugin)
[2K[1A[2K[G[94%] sealing (recording)
[2K[1A[2K[G[94%] sealing (after seal)
[2K[1A[2K[G[95%] emitting (emit)
[2K[1A[2K[G[98%] emitting (after emit)
[2K[1A[2K[GBuild finished at 20:42:08 by 0.000s
[2K[1A[2K[GBuild finished at 20:42:08 by 0.000s
[2K[1A[2K[GBuild finished at 20:42:08 by 0.000s
[2K[1A[2K[G DONE  Compiled successfully in 3635ms20:42:08

Build finished at 20:42:08 by 0.000s
[2K[1A[2K[G
  App running at:
  - Local:   http://localhost:8083/ 
  - Network: unavailable

  Note that the development build is not optimized.
  To create a production build, run npm run build.

Build finished at 20:42:08 by 0.000s
[2K[1A[2K[GBuild finished at 20:42:08 by 0.000s
[2K[1A[2K[GBuild finished at 20:42:08 by 0.000s
[2K[1A[2K[GBuild finished at 20:42:08 by 0.000s
[2K[1A[2K[GBuild finished at 20:42:08 by 0.000s
[2K[1A[2K[GBuild finished at 20:42:08 by 0.000s
[2K[1A[2K[GBuild finished at 20:42:08 by 0.000s
[2K[1A[2K[GBuild finished at 20:42:08 by 0.000s
[2K[1A[2K[G WAIT  Compiling...21:08:20

Compiling...

[2K[1A[2K[G[1%] cache (end idle)
[2K[1A[2K[G[3%] setup (watch run)
[2K[1A[2K[G[3%] setup (watch run webpack-dev-middleware)
[2K[1A[2K[G[3%] setup (watch run)
[2K[1A[2K[G[4%] setup (normal module factory)
[2K[1A[2K[G[4%] setup (normal module factory CaseSensitivePathsPlugin)
[2K[1A[2K[G[4%] setup (normal module factory)
[2K[1A[2K[G[5%] setup (context module factory)
[2K[1A[2K[G[6%] setup (before compile)
[2K[1A[2K[G[6%] setup (before compile ProgressPlugin)
[2K[1A[2K[G[6%] setup (before compile)
[2K[1A[2K[G[7%] setup (compile)
[2K[1A[2K[G[7%] setup (compile ExternalsPlugin)
[2K[1A[2K[G[7%] setup (compile)
[2K[1A[2K[G[8%] setup (compilation)
[2K[1A[2K[G[8%] setup (compilation HtmlWebpackPlugin)
[2K[1A[2K[G[8%] setup (compilation CopyPlugin)
[2K[1A[2K[G[8%] setup (compilation ArrayPushCallbackChunkFormatPlugin)
[2K[1A[2K[G[8%] setup (compilation JsonpChunkLoadingPlugin)
[2K[1A[2K[G[8%] setup (compilation StartupChunkDependenciesPlugin)
[2K[1A[2K[G[8%] setup (compilation ImportScriptsChunkLoadingPlugin)
[2K[1A[2K[G[8%] setup (compilation WorkerPlugin)
[2K[1A[2K[G[8%] setup (compilation SplitChunksPlugin)
[2K[1A[2K[G[8%] setup (compilation ResolverCachePlugin)
[2K[1A[2K[G[8%] setup (compilation)
[2K[1A[2K[G[9%] setup (compilation)
[2K[1A[2K[G[9%] setup (compilation vue-loader-plugin)
[2K[1A[2K[G[9%] setup (compilation DefinePlugin)
[2K[1A[2K[G[9%] setup (compilation ProgressPlugin)
[2K[1A[2K[G[9%] setup (compilation EntryPlugin)
[2K[1A[2K[G[9%] setup (compilation ExternalsPlugin)
[2K[1A[2K[G[9%] setup (compilation ChunkPrefetchPreloadPlugin)
[2K[1A[2K[G[9%] setup (compilation ModuleInfoHeaderPlugin)
[2K[1A[2K[G[9%] setup (compilation EvalSourceMapDevToolPlugin)
[2K[1A[2K[G[9%] setup (compilation JavascriptModulesPlugin)
[2K[1A[2K[G[9%] setup (compilation JsonModulesPlugin)
[2K[1A[2K[G[9%] setup (compilation AssetModulesPlugin)
[2K[1A[2K[G[9%] setup (compilation EntryPlugin)
[2K[1A[2K[G[9%] setup (compilation RuntimePlugin)
[2K[1A[2K[G[9%] setup (compilation InferAsyncModulesPlugin)
[2K[1A[2K[G[9%] setup (compilation DataUriPlugin)
[2K[1A[2K[G[9%] setup (compilation FileUriPlugin)
[2K[1A[2K[G[9%] setup (compilation CompatibilityPlugin)
[2K[1A[2K[G[9%] setup (compilation HarmonyModulesPlugin)
[2K[1A[2K[G[9%] setup (compilation AMDPlugin)
[2K[1A[2K[G[9%] setup (compilation RequireJsStuffPlugin)
[2K[1A[2K[G[9%] setup (compilation CommonJsPlugin)
[2K[1A[2K[G[9%] setup (compilation LoaderPlugin)
[2K[1A[2K[G[9%] setup (compilation NodeStuffPlugin)
[2K[1A[2K[G[9%] setup (compilation APIPlugin)
[2K[1A[2K[G[9%] setup (compilation ExportsInfoApiPlugin)
[2K[1A[2K[G[9%] setup (compilation WebpackIsIncludedPlugin)
[2K[1A[2K[G[9%] setup (compilation ConstPlugin)
[2K[1A[2K[G[9%] setup (compilation UseStrictPlugin)
[2K[1A[2K[G[9%] setup (compilation RequireIncludePlugin)
[2K[1A[2K[G[9%] setup (compilation RequireEnsurePlugin)
[2K[1A[2K[G[9%] setup (compilation RequireContextPlugin)
[2K[1A[2K[G[9%] setup (compilation ImportPlugin)
[2K[1A[2K[G[9%] setup (compilation ImportMetaContextPlugin)
[2K[1A[2K[G[9%] setup (compilation SystemPlugin)
[2K[1A[2K[G[9%] setup (compilation ImportMetaPlugin)
[2K[1A[2K[G[9%] setup (compilation URLPlugin)
[2K[1A[2K[G[9%] setup (compilation DefaultStatsFactoryPlugin)
[2K[1A[2K[G[9%] setup (compilation DefaultStatsPresetPlugin)
[2K[1A[2K[G[9%] setup (compilation DefaultStatsPrinterPlugin)
[2K[1A[2K[G[9%] setup (compilation JavascriptMetaInfoPlugin)
[2K[1A[2K[G[9%] setup (compilation EnsureChunkConditionsPlugin)
[2K[1A[2K[G[9%] setup (compilation RemoveEmptyChunksPlugin)
[2K[1A[2K[G[9%] setup (compilation MergeDuplicateChunksPlugin)
[2K[1A[2K[G[9%] setup (compilation SideEffectsFlagPlugin)
[2K[1A[2K[G[9%] setup (compilation FlagDependencyExportsPlugin)
[2K[1A[2K[G[9%] setup (compilation NamedModuleIdsPlugin)
[2K[1A[2K[G[9%] setup (compilation NamedChunkIdsPlugin)
[2K[1A[2K[G[9%] setup (compilation DefinePlugin)
[2K[1A[2K[G[9%] setup (compilation TemplatedPathPlugin)
[2K[1A[2K[G[9%] setup (compilation RecordIdsPlugin)
[2K[1A[2K[G[9%] setup (compilation WarnCaseSensitiveModulesPlugin)
[2K[1A[2K[G[9%] setup (compilation EntryPlugin)
[2K[1A[2K[G[9%] setup (compilation ProvidePlugin)
[2K[1A[2K[G[9%] setup (compilation HotModuleReplacementPlugin)
[2K[1A[2K[G[9%] setup (compilation ProgressPlugin)
[2K[1A[2K[G[9%] setup (compilation)
[2K[1A[2K[G[10%] building 
[2K[1A[2K[G[10%] building (0/0 modules)
[2K[1A[2K[G[24%] building (16/5 modules)
[2K[1A[2K[G[38%] building (17/5 modules)
[2K[1A[2K[G[51%] building (143/25 modules)
[2K[1A[2K[G[51%] building (import loader @vue/vue-loader-v15/lib/index.js)
[2K[1A[2K[G[51%] building (236/54 modules)
[2K[1A[2K[G[51%] building (import loader babel-loader/lib/index.js)
[2K[1A[2K[G[51%] building (import loader @vue/vue-loader-v15/lib/loaders/templateLoader.js)
[2K[1A[2K[G[51%] building (236/61 modules)
[2K[1A[2K[G[51%] building (import loader css-loader/dist/cjs.js)
[2K[1A[2K[G[51%] building (import loader @vue/vue-loader-v15/lib/loaders/stylePostLoader.js
)
[2K[1A[2K[1A[2K[G[51%] building (import loader postcss-loader/dist/cjs.js)
[2K[1A[2K[G[51%] building (236/64 modules)
[2K[1A[2K[G[65%] building (283/88 modules)
[2K[1A[2K[G[65%] building 
[2K[1A[2K[G[69%] building (finish)
[2K[1A[2K[G[70%] sealing (finish module graph)
[2K[1A[2K[G[70%] sealing (finish module graph ResolverCachePlugin)
[2K[1A[2K[G[70%] sealing (finish module graph InferAsyncModulesPlugin)
[2K[1A[2K[G[70%] sealing (finish module graph FlagDependencyExportsPlugin)
[2K[1A[2K[G[70%] sealing (finish module graph)
[2K[1A[2K[G[71%] sealing (plugins)
[2K[1A[2K[G[71%] sealing (plugins WarnCaseSensitiveModulesPlugin)
[2K[1A[2K[G[71%] sealing (plugins)
[2K[1A[2K[G[71%] sealing (dependencies optimization)
[2K[1A[2K[G[71%] sealing (dependencies optimization SideEffectsFlagPlugin)
[2K[1A[2K[G[71%] sealing (dependencies optimization)
[2K[1A[2K[G[72%] sealing (after dependencies optimization)
[2K[1A[2K[G[73%] sealing (chunk graph)
[2K[1A[2K[G[73%] sealing (after chunk graph)
[2K[1A[2K[G[74%] sealing (optimizing)
[2K[1A[2K[G[74%] sealing (module optimization)
[2K[1A[2K[G[75%] sealing (after module optimization)
[2K[1A[2K[G[76%] sealing (chunk optimization)
[2K[1A[2K[G[76%] sealing (chunk optimization EnsureChunkConditionsPlugin)
[2K[1A[2K[G[76%] sealing (chunk optimization RemoveEmptyChunksPlugin)
[2K[1A[2K[G[76%] sealing (chunk optimization MergeDuplicateChunksPlugin)
[2K[1A[2K[G[76%] sealing (chunk optimization SplitChunksPlugin)
[2K[1A[2K[G[76%] sealing (chunk optimization RemoveEmptyChunksPlugin)
[2K[1A[2K[G[76%] sealing (chunk optimization)
[2K[1A[2K[G[76%] sealing (after chunk optimization)
[2K[1A[2K[G[77%] sealing (module and chunk tree optimization)
[2K[1A[2K[G[77%] sealing (module and chunk tree optimization PersistentChildCompilerSinglet
onPlugin)
[2K[1A[2K[1A[2K[G[77%] sealing (module and chunk tree optimization)
[2K[1A[2K[G[78%] sealing (after module and chunk tree optimization)
[2K[1A[2K[G[78%] sealing (chunk modules optimization)
[2K[1A[2K[G[79%] sealing (after chunk modules optimization)
[2K[1A[2K[G[80%] sealing (module reviving)
[2K[1A[2K[G[80%] sealing (module reviving RecordIdsPlugin)
[2K[1A[2K[G[80%] sealing (module reviving)
[2K[1A[2K[G[80%] sealing (before module ids)
[2K[1A[2K[G[81%] sealing (module ids)
[2K[1A[2K[G[81%] sealing (module ids NamedModuleIdsPlugin)
[2K[1A[2K[G[81%] sealing (module ids)
[2K[1A[2K[G[82%] sealing (module id optimization)
[2K[1A[2K[G[82%] sealing (module id optimization)
[2K[1A[2K[G[83%] sealing (chunk reviving)
[2K[1A[2K[G[83%] sealing (chunk reviving RecordIdsPlugin)
[2K[1A[2K[G[83%] sealing (chunk reviving)
[2K[1A[2K[G[83%] sealing (before chunk ids)
[2K[1A[2K[G[84%] sealing (chunk ids)
[2K[1A[2K[G[84%] sealing (chunk ids NamedChunkIdsPlugin)
[2K[1A[2K[G[84%] sealing (chunk ids)
[2K[1A[2K[G[85%] sealing (chunk id optimization)
[2K[1A[2K[G[85%] sealing (after chunk id optimization)
[2K[1A[2K[G[86%] sealing (record modules)
[2K[1A[2K[G[86%] sealing (record modules RecordIdsPlugin)
[2K[1A[2K[G[86%] sealing (record modules)
[2K[1A[2K[G[87%] sealing (record chunks)
[2K[1A[2K[G[87%] sealing (record chunks RecordIdsPlugin)
[2K[1A[2K[G[87%] sealing (record chunks)
[2K[1A[2K[G[87%] sealing (module hashing)
[2K[1A[2K[G[88%] sealing (code generation)
[2K[1A[2K[G[89%] sealing (runtime requirements)
[2K[1A[2K[G[89%] sealing (hashing)
[2K[1A[2K[G[90%] sealing (after hashing)
[2K[1A[2K[G[91%] sealing (record hash)
[2K[1A[2K[G[91%] sealing (module assets processing)
[2K[1A[2K[G[92%] sealing (chunk assets processing)
[2K[1A[2K[G[92%] sealing (asset processing)
[2K[1A[2K[G[92%] sealing (asset processing copy-webpack-plugin)
[2K[1A[2K[G[92%] sealing (asset processing HotModuleReplacementPlugin)
[2K[1A[2K[G[92%] sealing (asset processing PersistentChildCompilerSingletonPlugin)
[2K[1A[2K[G[92%] sealing (asset processing HtmlWebpackPlugin)
[2K[1A[2K[G[92%] sealing (asset processing)
[2K[1A[2K[G[93%] sealing (after asset optimization)
[2K[1A[2K[G[94%] sealing (recording)
[2K[1A[2K[G[94%] sealing (recording HotModuleReplacementPlugin)
[2K[1A[2K[G[94%] sealing (recording)
[2K[1A[2K[G[94%] sealing (after seal)
[2K[1A[2K[G[95%] emitting (emit)
[2K[1A[2K[G[98%] emitting (after emit)
[2K[1A[2K[GBuild finished at 21:08:21 by 0.000s
[2K[1A[2K[GBuild finished at 21:08:21 by 0.000s
[2K[1A[2K[GBuild finished at 21:08:21 by 0.000s
[2K[1A[2K[G DONE  Compiled successfully in 1514ms21:08:21

Build finished at 21:08:21 by 0.000s
[2K[1A[2K[G
  App running at:
  - Local:   http://localhost:8083/ 
  - Network: unavailable

Build finished at 21:08:21 by 0.000s
[2K[1A[2K[GBuild finished at 21:08:21 by 0.000s
[2K[1A[2K[GBuild finished at 21:08:21 by 0.000s
[2K[1A[2K[GBuild finished at 21:08:21 by 0.000s
[2K[1A[2K[GBuild finished at 21:08:21 by 0.000s
[2K[1A[2K[GBuild finished at 21:08:21 by 0.000s
[2K[1A[2K[GBuild finished at 21:08:21 by 0.000s
[2K[1A[2K[GBuild finished at 21:08:21 by 0.000s
[2K[1A[2K[G WAIT  Compiling...21:46:19

Compiling...

[2K[1A[2K[G[1%] cache (end idle)
[2K[1A[2K[G[3%] setup (watch run)
[2K[1A[2K[G[3%] setup (watch run webpack-dev-middleware)
[2K[1A[2K[G[3%] setup (watch run)
[2K[1A[2K[G[4%] setup (normal module factory)
[2K[1A[2K[G[4%] setup (normal module factory CaseSensitivePathsPlugin)
[2K[1A[2K[G[4%] setup (normal module factory)
[2K[1A[2K[G[5%] setup (context module factory)
[2K[1A[2K[G[6%] setup (before compile)
[2K[1A[2K[G[6%] setup (before compile ProgressPlugin)
[2K[1A[2K[G[6%] setup (before compile)
[2K[1A[2K[G[7%] setup (compile)
[2K[1A[2K[G[7%] setup (compile ExternalsPlugin)
[2K[1A[2K[G[7%] setup (compile)
[2K[1A[2K[G[8%] setup (compilation)
[2K[1A[2K[G[8%] setup (compilation HtmlWebpackPlugin)
[2K[1A[2K[G[8%] setup (compilation CopyPlugin)
[2K[1A[2K[G[8%] setup (compilation ArrayPushCallbackChunkFormatPlugin)
[2K[1A[2K[G[8%] setup (compilation JsonpChunkLoadingPlugin)
[2K[1A[2K[G[8%] setup (compilation StartupChunkDependenciesPlugin)
[2K[1A[2K[G[8%] setup (compilation ImportScriptsChunkLoadingPlugin)
[2K[1A[2K[G[8%] setup (compilation WorkerPlugin)
[2K[1A[2K[G[8%] setup (compilation SplitChunksPlugin)
[2K[1A[2K[G[8%] setup (compilation ResolverCachePlugin)
[2K[1A[2K[G[8%] setup (compilation)
[2K[1A[2K[G[9%] setup (compilation)
[2K[1A[2K[G[9%] setup (compilation vue-loader-plugin)
[2K[1A[2K[G[9%] setup (compilation DefinePlugin)
[2K[1A[2K[G[9%] setup (compilation ProgressPlugin)
[2K[1A[2K[G[9%] setup (compilation EntryPlugin)
[2K[1A[2K[G[9%] setup (compilation ExternalsPlugin)
[2K[1A[2K[G[9%] setup (compilation ChunkPrefetchPreloadPlugin)
[2K[1A[2K[G[9%] setup (compilation ModuleInfoHeaderPlugin)
[2K[1A[2K[G[9%] setup (compilation EvalSourceMapDevToolPlugin)
[2K[1A[2K[G[9%] setup (compilation JavascriptModulesPlugin)
[2K[1A[2K[G[9%] setup (compilation JsonModulesPlugin)
[2K[1A[2K[G[9%] setup (compilation AssetModulesPlugin)
[2K[1A[2K[G[9%] setup (compilation EntryPlugin)
[2K[1A[2K[G[9%] setup (compilation RuntimePlugin)
[2K[1A[2K[G[9%] setup (compilation InferAsyncModulesPlugin)
[2K[1A[2K[G[9%] setup (compilation DataUriPlugin)
[2K[1A[2K[G[9%] setup (compilation FileUriPlugin)
[2K[1A[2K[G[9%] setup (compilation CompatibilityPlugin)
[2K[1A[2K[G[9%] setup (compilation HarmonyModulesPlugin)
[2K[1A[2K[G[9%] setup (compilation AMDPlugin)
[2K[1A[2K[G[9%] setup (compilation RequireJsStuffPlugin)
[2K[1A[2K[G[9%] setup (compilation CommonJsPlugin)
[2K[1A[2K[G[9%] setup (compilation LoaderPlugin)
[2K[1A[2K[G[9%] setup (compilation NodeStuffPlugin)
[2K[1A[2K[G[9%] setup (compilation APIPlugin)
[2K[1A[2K[G[9%] setup (compilation ExportsInfoApiPlugin)
[2K[1A[2K[G[9%] setup (compilation WebpackIsIncludedPlugin)
[2K[1A[2K[G[9%] setup (compilation ConstPlugin)
[2K[1A[2K[G[9%] setup (compilation UseStrictPlugin)
[2K[1A[2K[G[9%] setup (compilation RequireIncludePlugin)
[2K[1A[2K[G[9%] setup (compilation RequireEnsurePlugin)
[2K[1A[2K[G[9%] setup (compilation RequireContextPlugin)
[2K[1A[2K[G[9%] setup (compilation ImportPlugin)
[2K[1A[2K[G[9%] setup (compilation ImportMetaContextPlugin)
[2K[1A[2K[G[9%] setup (compilation SystemPlugin)
[2K[1A[2K[G[9%] setup (compilation ImportMetaPlugin)
[2K[1A[2K[G[9%] setup (compilation URLPlugin)
[2K[1A[2K[G[9%] setup (compilation DefaultStatsFactoryPlugin)
[2K[1A[2K[G[9%] setup (compilation DefaultStatsPresetPlugin)
[2K[1A[2K[G[9%] setup (compilation DefaultStatsPrinterPlugin)
[2K[1A[2K[G[9%] setup (compilation JavascriptMetaInfoPlugin)
[2K[1A[2K[G[9%] setup (compilation EnsureChunkConditionsPlugin)
[2K[1A[2K[G[9%] setup (compilation RemoveEmptyChunksPlugin)
[2K[1A[2K[G[9%] setup (compilation MergeDuplicateChunksPlugin)
[2K[1A[2K[G[9%] setup (compilation SideEffectsFlagPlugin)
[2K[1A[2K[G[9%] setup (compilation FlagDependencyExportsPlugin)
[2K[1A[2K[G[9%] setup (compilation NamedModuleIdsPlugin)
[2K[1A[2K[G[9%] setup (compilation NamedChunkIdsPlugin)
[2K[1A[2K[G[9%] setup (compilation DefinePlugin)
[2K[1A[2K[G[9%] setup (compilation TemplatedPathPlugin)
[2K[1A[2K[G[9%] setup (compilation RecordIdsPlugin)
[2K[1A[2K[G[9%] setup (compilation WarnCaseSensitiveModulesPlugin)
[2K[1A[2K[G[9%] setup (compilation EntryPlugin)
[2K[1A[2K[G[9%] setup (compilation ProvidePlugin)
[2K[1A[2K[G[9%] setup (compilation HotModuleReplacementPlugin)
[2K[1A[2K[G[9%] setup (compilation ProgressPlugin)
[2K[1A[2K[G[9%] setup (compilation)
[2K[1A[2K[G[10%] building 
[2K[1A[2K[G[10%] building (0/0 modules)
[2K[1A[2K[G[24%] building (7/4 modules)
[2K[1A[2K[G[38%] building (35/11 modules)
[2K[1A[2K[G[51%] building (72/13 modules)
[2K[1A[2K[G[51%] building (import loader @vue/vue-loader-v15/lib/index.js)
[2K[1A[2K[G[51%] building (236/54 modules)
[2K[1A[2K[G[51%] building (import loader babel-loader/lib/index.js)
[2K[1A[2K[G[51%] building (import loader @vue/vue-loader-v15/lib/loaders/templateLoader.js)
[2K[1A[2K[G[51%] building (236/61 modules)
[2K[1A[2K[G[51%] building (import loader css-loader/dist/cjs.js)
[2K[1A[2K[G[51%] building (import loader @vue/vue-loader-v15/lib/loaders/stylePostLoader.js
)
[2K[1A[2K[1A[2K[G[51%] building (import loader postcss-loader/dist/cjs.js)
[2K[1A[2K[G[51%] building (236/64 modules)
[2K[1A[2K[G[65%] building (284/95 modules)
[2K[1A[2K[G[65%] building 
[2K[1A[2K[G[69%] building (finish)
[2K[1A[2K[G[70%] sealing (finish module graph)
[2K[1A[2K[G[70%] sealing (finish module graph ResolverCachePlugin)
[2K[1A[2K[G[70%] sealing (finish module graph InferAsyncModulesPlugin)
[2K[1A[2K[G[70%] sealing (finish module graph FlagDependencyExportsPlugin)
[2K[1A[2K[G[70%] sealing (finish module graph)
[2K[1A[2K[G[71%] sealing (plugins)
[2K[1A[2K[G[71%] sealing (plugins WarnCaseSensitiveModulesPlugin)
[2K[1A[2K[G[71%] sealing (plugins)
[2K[1A[2K[G[71%] sealing (dependencies optimization)
[2K[1A[2K[G[71%] sealing (dependencies optimization SideEffectsFlagPlugin)
[2K[1A[2K[G[71%] sealing (dependencies optimization)
[2K[1A[2K[G[72%] sealing (after dependencies optimization)
[2K[1A[2K[G[73%] sealing (chunk graph)
[2K[1A[2K[G[73%] sealing (after chunk graph)
[2K[1A[2K[G[74%] sealing (optimizing)
[2K[1A[2K[G[74%] sealing (module optimization)
[2K[1A[2K[G[75%] sealing (after module optimization)
[2K[1A[2K[G[76%] sealing (chunk optimization)
[2K[1A[2K[G[76%] sealing (chunk optimization EnsureChunkConditionsPlugin)
[2K[1A[2K[G[76%] sealing (chunk optimization RemoveEmptyChunksPlugin)
[2K[1A[2K[G[76%] sealing (chunk optimization MergeDuplicateChunksPlugin)
[2K[1A[2K[G[76%] sealing (chunk optimization SplitChunksPlugin)
[2K[1A[2K[G[76%] sealing (chunk optimization RemoveEmptyChunksPlugin)
[2K[1A[2K[G[76%] sealing (chunk optimization)
[2K[1A[2K[G[76%] sealing (after chunk optimization)
[2K[1A[2K[G[77%] sealing (module and chunk tree optimization)
[2K[1A[2K[G[77%] sealing (module and chunk tree optimization PersistentChildCompilerSinglet
onPlugin)
[2K[1A[2K[1A[2K[G[77%] sealing (module and chunk tree optimization)
[2K[1A[2K[G[78%] sealing (after module and chunk tree optimization)
[2K[1A[2K[G[78%] sealing (chunk modules optimization)
[2K[1A[2K[G[79%] sealing (after chunk modules optimization)
[2K[1A[2K[G[80%] sealing (module reviving)
[2K[1A[2K[G[80%] sealing (module reviving RecordIdsPlugin)
[2K[1A[2K[G[80%] sealing (module reviving)
[2K[1A[2K[G[80%] sealing (before module ids)
[2K[1A[2K[G[81%] sealing (module ids)
[2K[1A[2K[G[81%] sealing (module ids NamedModuleIdsPlugin)
[2K[1A[2K[G[81%] sealing (module ids)
[2K[1A[2K[G[82%] sealing (module id optimization)
[2K[1A[2K[G[82%] sealing (module id optimization)
[2K[1A[2K[G[83%] sealing (chunk reviving)
[2K[1A[2K[G[83%] sealing (chunk reviving RecordIdsPlugin)
[2K[1A[2K[G[83%] sealing (chunk reviving)
[2K[1A[2K[G[83%] sealing (before chunk ids)
[2K[1A[2K[G[84%] sealing (chunk ids)
[2K[1A[2K[G[84%] sealing (chunk ids NamedChunkIdsPlugin)
[2K[1A[2K[G[84%] sealing (chunk ids)
[2K[1A[2K[G[85%] sealing (chunk id optimization)
[2K[1A[2K[G[85%] sealing (after chunk id optimization)
[2K[1A[2K[G[86%] sealing (record modules)
[2K[1A[2K[G[86%] sealing (record modules RecordIdsPlugin)
[2K[1A[2K[G[86%] sealing (record modules)
[2K[1A[2K[G[87%] sealing (record chunks)
[2K[1A[2K[G[87%] sealing (record chunks RecordIdsPlugin)
[2K[1A[2K[G[87%] sealing (record chunks)
[2K[1A[2K[G[87%] sealing (module hashing)
[2K[1A[2K[G[88%] sealing (code generation)
[2K[1A[2K[G[89%] sealing (runtime requirements)
[2K[1A[2K[G[89%] sealing (hashing)
[2K[1A[2K[G[90%] sealing (after hashing)
[2K[1A[2K[G[91%] sealing (record hash)
[2K[1A[2K[G[91%] sealing (module assets processing)
[2K[1A[2K[G[92%] sealing (chunk assets processing)
[2K[1A[2K[G[92%] sealing (asset processing)
[2K[1A[2K[G[92%] sealing (asset processing copy-webpack-plugin)
[2K[1A[2K[G[92%] sealing (asset processing HotModuleReplacementPlugin)
[2K[1A[2K[G[92%] sealing (asset processing PersistentChildCompilerSingletonPlugin)
[2K[1A[2K[G[92%] sealing (asset processing HtmlWebpackPlugin)
[2K[1A[2K[G[92%] sealing (asset processing)
[2K[1A[2K[G[93%] sealing (after asset optimization)
[2K[1A[2K[G[94%] sealing (recording)
[2K[1A[2K[G[94%] sealing (recording HotModuleReplacementPlugin)
[2K[1A[2K[G[94%] sealing (recording)
[2K[1A[2K[G[94%] sealing (after seal)
[2K[1A[2K[G[95%] emitting (emit)
[2K[1A[2K[G[98%] emitting (after emit)
[2K[1A[2K[GBuild finished at 21:46:20 by 0.000s
[2K[1A[2K[GBuild finished at 21:46:20 by 0.000s
[2K[1A[2K[GBuild finished at 21:46:20 by 0.000s
[2K[1A[2K[G DONE  Compiled successfully in 853ms21:46:20

Build finished at 21:46:20 by 0.000s
[2K[1A[2K[G
  App running at:
  - Local:   http://localhost:8083/ 
  - Network: unavailable

Build finished at 21:46:20 by 0.000s
[2K[1A[2K[GBuild finished at 21:46:20 by 0.000s
[2K[1A[2K[GBuild finished at 21:46:20 by 0.000s
[2K[1A[2K[GBuild finished at 21:46:20 by 0.000s
[2K[1A[2K[GBuild finished at 21:46:20 by 0.000s
[2K[1A[2K[GBuild finished at 21:46:20 by 0.000s
[2K[1A[2K[GBuild finished at 21:46:20 by 0.000s
[2K[1A[2K[GBuild finished at 21:46:20 by 0.000s
[2K[1A[2K[G WAIT  Compiling...21:46:53

Compiling...

[2K[1A[2K[G[1%] cache (end idle)
[2K[1A[2K[G[3%] setup (watch run)
[2K[1A[2K[G[3%] setup (watch run webpack-dev-middleware)
[2K[1A[2K[G[3%] setup (watch run)
[2K[1A[2K[G[4%] setup (normal module factory)
[2K[1A[2K[G[4%] setup (normal module factory CaseSensitivePathsPlugin)
[2K[1A[2K[G[4%] setup (normal module factory)
[2K[1A[2K[G[5%] setup (context module factory)
[2K[1A[2K[G[6%] setup (before compile)
[2K[1A[2K[G[6%] setup (before compile ProgressPlugin)
[2K[1A[2K[G[6%] setup (before compile)
[2K[1A[2K[G[7%] setup (compile)
[2K[1A[2K[G[7%] setup (compile ExternalsPlugin)
[2K[1A[2K[G[7%] setup (compile)
[2K[1A[2K[G[8%] setup (compilation)
[2K[1A[2K[G[8%] setup (compilation HtmlWebpackPlugin)
[2K[1A[2K[G[8%] setup (compilation CopyPlugin)
[2K[1A[2K[G[8%] setup (compilation ArrayPushCallbackChunkFormatPlugin)
[2K[1A[2K[G[8%] setup (compilation JsonpChunkLoadingPlugin)
[2K[1A[2K[G[8%] setup (compilation StartupChunkDependenciesPlugin)
[2K[1A[2K[G[8%] setup (compilation ImportScriptsChunkLoadingPlugin)
[2K[1A[2K[G[8%] setup (compilation WorkerPlugin)
[2K[1A[2K[G[8%] setup (compilation SplitChunksPlugin)
[2K[1A[2K[G[8%] setup (compilation ResolverCachePlugin)
[2K[1A[2K[G[8%] setup (compilation)
[2K[1A[2K[G[9%] setup (compilation)
[2K[1A[2K[G[9%] setup (compilation vue-loader-plugin)
[2K[1A[2K[G[9%] setup (compilation DefinePlugin)
[2K[1A[2K[G[9%] setup (compilation ProgressPlugin)
[2K[1A[2K[G[9%] setup (compilation EntryPlugin)
[2K[1A[2K[G[9%] setup (compilation ExternalsPlugin)
[2K[1A[2K[G[9%] setup (compilation ChunkPrefetchPreloadPlugin)
[2K[1A[2K[G[9%] setup (compilation ModuleInfoHeaderPlugin)
[2K[1A[2K[G[9%] setup (compilation EvalSourceMapDevToolPlugin)
[2K[1A[2K[G[9%] setup (compilation JavascriptModulesPlugin)
[2K[1A[2K[G[9%] setup (compilation JsonModulesPlugin)
[2K[1A[2K[G[9%] setup (compilation AssetModulesPlugin)
[2K[1A[2K[G[9%] setup (compilation EntryPlugin)
[2K[1A[2K[G[9%] setup (compilation RuntimePlugin)
[2K[1A[2K[G[9%] setup (compilation InferAsyncModulesPlugin)
[2K[1A[2K[G[9%] setup (compilation DataUriPlugin)
[2K[1A[2K[G[9%] setup (compilation FileUriPlugin)
[2K[1A[2K[G[9%] setup (compilation CompatibilityPlugin)
[2K[1A[2K[G[9%] setup (compilation HarmonyModulesPlugin)
[2K[1A[2K[G[9%] setup (compilation AMDPlugin)
[2K[1A[2K[G[9%] setup (compilation RequireJsStuffPlugin)
[2K[1A[2K[G[9%] setup (compilation CommonJsPlugin)
[2K[1A[2K[G[9%] setup (compilation LoaderPlugin)
[2K[1A[2K[G[9%] setup (compilation NodeStuffPlugin)
[2K[1A[2K[G[9%] setup (compilation APIPlugin)
[2K[1A[2K[G[9%] setup (compilation ExportsInfoApiPlugin)
[2K[1A[2K[G[9%] setup (compilation WebpackIsIncludedPlugin)
[2K[1A[2K[G[9%] setup (compilation ConstPlugin)
[2K[1A[2K[G[9%] setup (compilation UseStrictPlugin)
[2K[1A[2K[G[9%] setup (compilation RequireIncludePlugin)
[2K[1A[2K[G[9%] setup (compilation RequireEnsurePlugin)
[2K[1A[2K[G[9%] setup (compilation RequireContextPlugin)
[2K[1A[2K[G[9%] setup (compilation ImportPlugin)
[2K[1A[2K[G[9%] setup (compilation ImportMetaContextPlugin)
[2K[1A[2K[G[9%] setup (compilation SystemPlugin)
[2K[1A[2K[G[9%] setup (compilation ImportMetaPlugin)
[2K[1A[2K[G[9%] setup (compilation URLPlugin)
[2K[1A[2K[G[9%] setup (compilation DefaultStatsFactoryPlugin)
[2K[1A[2K[G[9%] setup (compilation DefaultStatsPresetPlugin)
[2K[1A[2K[G[9%] setup (compilation DefaultStatsPrinterPlugin)
[2K[1A[2K[G[9%] setup (compilation JavascriptMetaInfoPlugin)
[2K[1A[2K[G[9%] setup (compilation EnsureChunkConditionsPlugin)
[2K[1A[2K[G[9%] setup (compilation RemoveEmptyChunksPlugin)
[2K[1A[2K[G[9%] setup (compilation MergeDuplicateChunksPlugin)
[2K[1A[2K[G[9%] setup (compilation SideEffectsFlagPlugin)
[2K[1A[2K[G[9%] setup (compilation FlagDependencyExportsPlugin)
[2K[1A[2K[G[9%] setup (compilation NamedModuleIdsPlugin)
[2K[1A[2K[G[9%] setup (compilation NamedChunkIdsPlugin)
[2K[1A[2K[G[9%] setup (compilation DefinePlugin)
[2K[1A[2K[G[9%] setup (compilation TemplatedPathPlugin)
[2K[1A[2K[G[9%] setup (compilation RecordIdsPlugin)
[2K[1A[2K[G[9%] setup (compilation WarnCaseSensitiveModulesPlugin)
[2K[1A[2K[G[9%] setup (compilation EntryPlugin)
[2K[1A[2K[G[9%] setup (compilation ProvidePlugin)
[2K[1A[2K[G[9%] setup (compilation HotModuleReplacementPlugin)
[2K[1A[2K[G[9%] setup (compilation ProgressPlugin)
[2K[1A[2K[G[9%] setup (compilation)
[2K[1A[2K[G[10%] building 
[2K[1A[2K[G[10%] building (0/0 modules)
[2K[1A[2K[G[24%] building (1/4 modules)
[2K[1A[2K[G[38%] building (66/9 modules)
[2K[1A[2K[G[51%] building (123/14 modules)
[2K[1A[2K[G[51%] building (import loader @vue/vue-loader-v15/lib/index.js)
[2K[1A[2K[G[51%] building (156/34 modules)
[2K[1A[2K[G[51%] building (import loader babel-loader/lib/index.js)
[2K[1A[2K[G[51%] building (import loader @vue/vue-loader-v15/lib/loaders/templateLoader.js)
[2K[1A[2K[G[51%] building (236/63 modules)
[2K[1A[2K[G[51%] building (import loader css-loader/dist/cjs.js)
[2K[1A[2K[G[51%] building (import loader @vue/vue-loader-v15/lib/loaders/stylePostLoader.js
)
[2K[1A[2K[1A[2K[G[51%] building (import loader postcss-loader/dist/cjs.js)
[2K[1A[2K[G[51%] building (236/64 modules)
[2K[1A[2K[G[65%] building (284/89 modules)
[2K[1A[2K[G[65%] building 
[2K[1A[2K[G[69%] building (finish)
[2K[1A[2K[G[70%] sealing (finish module graph)
[2K[1A[2K[G[70%] sealing (finish module graph ResolverCachePlugin)
[2K[1A[2K[G[70%] sealing (finish module graph InferAsyncModulesPlugin)
[2K[1A[2K[G[70%] sealing (finish module graph FlagDependencyExportsPlugin)
[2K[1A[2K[G[70%] sealing (finish module graph)
[2K[1A[2K[G[71%] sealing (plugins)
[2K[1A[2K[G[71%] sealing (plugins WarnCaseSensitiveModulesPlugin)
[2K[1A[2K[G[71%] sealing (plugins)
[2K[1A[2K[G[71%] sealing (dependencies optimization)
[2K[1A[2K[G[71%] sealing (dependencies optimization SideEffectsFlagPlugin)
[2K[1A[2K[G[71%] sealing (dependencies optimization)
[2K[1A[2K[G[72%] sealing (after dependencies optimization)
[2K[1A[2K[G[73%] sealing (chunk graph)
[2K[1A[2K[G[73%] sealing (after chunk graph)
[2K[1A[2K[G[74%] sealing (optimizing)
[2K[1A[2K[G[74%] sealing (module optimization)
[2K[1A[2K[G[75%] sealing (after module optimization)
[2K[1A[2K[G[76%] sealing (chunk optimization)
[2K[1A[2K[G[76%] sealing (chunk optimization EnsureChunkConditionsPlugin)
[2K[1A[2K[G[76%] sealing (chunk optimization RemoveEmptyChunksPlugin)
[2K[1A[2K[G[76%] sealing (chunk optimization MergeDuplicateChunksPlugin)
[2K[1A[2K[G[76%] sealing (chunk optimization SplitChunksPlugin)
[2K[1A[2K[G[76%] sealing (chunk optimization RemoveEmptyChunksPlugin)
[2K[1A[2K[G[76%] sealing (chunk optimization)
[2K[1A[2K[G[76%] sealing (after chunk optimization)
[2K[1A[2K[G[77%] sealing (module and chunk tree optimization)
[2K[1A[2K[G[77%] sealing (module and chunk tree optimization PersistentChildCompilerSinglet
onPlugin)
[2K[1A[2K[1A[2K[G[77%] sealing (module and chunk tree optimization)
[2K[1A[2K[G[78%] sealing (after module and chunk tree optimization)
[2K[1A[2K[G[78%] sealing (chunk modules optimization)
[2K[1A[2K[G[79%] sealing (after chunk modules optimization)
[2K[1A[2K[G[80%] sealing (module reviving)
[2K[1A[2K[G[80%] sealing (module reviving RecordIdsPlugin)
[2K[1A[2K[G[80%] sealing (module reviving)
[2K[1A[2K[G[80%] sealing (before module ids)
[2K[1A[2K[G[81%] sealing (module ids)
[2K[1A[2K[G[81%] sealing (module ids NamedModuleIdsPlugin)
[2K[1A[2K[G[81%] sealing (module ids)
[2K[1A[2K[G[82%] sealing (module id optimization)
[2K[1A[2K[G[82%] sealing (module id optimization)
[2K[1A[2K[G[83%] sealing (chunk reviving)
[2K[1A[2K[G[83%] sealing (chunk reviving RecordIdsPlugin)
[2K[1A[2K[G[83%] sealing (chunk reviving)
[2K[1A[2K[G[83%] sealing (before chunk ids)
[2K[1A[2K[G[84%] sealing (chunk ids)
[2K[1A[2K[G[84%] sealing (chunk ids NamedChunkIdsPlugin)
[2K[1A[2K[G[84%] sealing (chunk ids)
[2K[1A[2K[G[85%] sealing (chunk id optimization)
[2K[1A[2K[G[85%] sealing (after chunk id optimization)
[2K[1A[2K[G[86%] sealing (record modules)
[2K[1A[2K[G[86%] sealing (record modules RecordIdsPlugin)
[2K[1A[2K[G[86%] sealing (record modules)
[2K[1A[2K[G[87%] sealing (record chunks)
[2K[1A[2K[G[87%] sealing (record chunks RecordIdsPlugin)
[2K[1A[2K[G[87%] sealing (record chunks)
[2K[1A[2K[G[87%] sealing (module hashing)
[2K[1A[2K[G[88%] sealing (code generation)
[2K[1A[2K[G[89%] sealing (runtime requirements)
[2K[1A[2K[G[89%] sealing (hashing)
[2K[1A[2K[G[90%] sealing (after hashing)
[2K[1A[2K[G[91%] sealing (record hash)
[2K[1A[2K[G[91%] sealing (module assets processing)
[2K[1A[2K[G[92%] sealing (chunk assets processing)
[2K[1A[2K[G[92%] sealing (asset processing)
[2K[1A[2K[G[92%] sealing (asset processing copy-webpack-plugin)
[2K[1A[2K[G[92%] sealing (asset processing HotModuleReplacementPlugin)
[2K[1A[2K[G[92%] sealing (asset processing PersistentChildCompilerSingletonPlugin)
[2K[1A[2K[G[92%] sealing (asset processing HtmlWebpackPlugin)
[2K[1A[2K[G[92%] sealing (asset processing)
[2K[1A[2K[G[93%] sealing (after asset optimization)
[2K[1A[2K[G[94%] sealing (recording)
[2K[1A[2K[G[94%] sealing (recording HotModuleReplacementPlugin)
[2K[1A[2K[G[94%] sealing (recording)
[2K[1A[2K[G[94%] sealing (after seal)
[2K[1A[2K[G[95%] emitting (emit)
[2K[1A[2K[G[98%] emitting (after emit)
[2K[1A[2K[GBuild finished at 21:46:53 by 0.000s
[2K[1A[2K[GBuild finished at 21:46:53 by 0.000s
[2K[1A[2K[GBuild finished at 21:46:53 by 0.000s
[2K[1A[2K[G DONE  Compiled successfully in 517ms21:46:53

Build finished at 21:46:53 by 0.000s
[2K[1A[2K[G
  App running at:
  - Local:   http://localhost:8083/ 
  - Network: unavailable

Build finished at 21:46:53 by 0.000s
[2K[1A[2K[GBuild finished at 21:46:53 by 0.000s
[2K[1A[2K[GBuild finished at 21:46:53 by 0.000s
[2K[1A[2K[GBuild finished at 21:46:53 by 0.000s
[2K[1A[2K[GBuild finished at 21:46:53 by 0.000s
[2K[1A[2K[GBuild finished at 21:46:53 by 0.000s
[2K[1A[2K[GBuild finished at 21:46:53 by 0.000s
[2K[1A[2K[GBuild finished at 21:46:53 by 0.000s
[2K[1A[2K[G WAIT  Compiling...21:52:54

Compiling...

[2K[1A[2K[G[1%] cache (end idle)
[2K[1A[2K[G[3%] setup (watch run)
[2K[1A[2K[G[3%] setup (watch run webpack-dev-middleware)
[2K[1A[2K[G[3%] setup (watch run)
[2K[1A[2K[G[4%] setup (normal module factory)
[2K[1A[2K[G[4%] setup (normal module factory CaseSensitivePathsPlugin)
[2K[1A[2K[G[4%] setup (normal module factory)
[2K[1A[2K[G[5%] setup (context module factory)
[2K[1A[2K[G[6%] setup (before compile)
[2K[1A[2K[G[6%] setup (before compile ProgressPlugin)
[2K[1A[2K[G[6%] setup (before compile)
[2K[1A[2K[G[7%] setup (compile)
[2K[1A[2K[G[7%] setup (compile ExternalsPlugin)
[2K[1A[2K[G[7%] setup (compile)
[2K[1A[2K[G[8%] setup (compilation)
[2K[1A[2K[G[8%] setup (compilation HtmlWebpackPlugin)
[2K[1A[2K[G[8%] setup (compilation CopyPlugin)
[2K[1A[2K[G[8%] setup (compilation ArrayPushCallbackChunkFormatPlugin)
[2K[1A[2K[G[8%] setup (compilation JsonpChunkLoadingPlugin)
[2K[1A[2K[G[8%] setup (compilation StartupChunkDependenciesPlugin)
[2K[1A[2K[G[8%] setup (compilation ImportScriptsChunkLoadingPlugin)
[2K[1A[2K[G[8%] setup (compilation WorkerPlugin)
[2K[1A[2K[G[8%] setup (compilation SplitChunksPlugin)
[2K[1A[2K[G[8%] setup (compilation ResolverCachePlugin)
[2K[1A[2K[G[8%] setup (compilation)
[2K[1A[2K[G[9%] setup (compilation)
[2K[1A[2K[G[9%] setup (compilation vue-loader-plugin)
[2K[1A[2K[G[9%] setup (compilation DefinePlugin)
[2K[1A[2K[G[9%] setup (compilation ProgressPlugin)
[2K[1A[2K[G[9%] setup (compilation EntryPlugin)
[2K[1A[2K[G[9%] setup (compilation ExternalsPlugin)
[2K[1A[2K[G[9%] setup (compilation ChunkPrefetchPreloadPlugin)
[2K[1A[2K[G[9%] setup (compilation ModuleInfoHeaderPlugin)
[2K[1A[2K[G[9%] setup (compilation EvalSourceMapDevToolPlugin)
[2K[1A[2K[G[9%] setup (compilation JavascriptModulesPlugin)
[2K[1A[2K[G[9%] setup (compilation JsonModulesPlugin)
[2K[1A[2K[G[9%] setup (compilation AssetModulesPlugin)
[2K[1A[2K[G[9%] setup (compilation EntryPlugin)
[2K[1A[2K[G[9%] setup (compilation RuntimePlugin)
[2K[1A[2K[G[9%] setup (compilation InferAsyncModulesPlugin)
[2K[1A[2K[G[9%] setup (compilation DataUriPlugin)
[2K[1A[2K[G[9%] setup (compilation FileUriPlugin)
[2K[1A[2K[G[9%] setup (compilation CompatibilityPlugin)
[2K[1A[2K[G[9%] setup (compilation HarmonyModulesPlugin)
[2K[1A[2K[G[9%] setup (compilation AMDPlugin)
[2K[1A[2K[G[9%] setup (compilation RequireJsStuffPlugin)
[2K[1A[2K[G[9%] setup (compilation CommonJsPlugin)
[2K[1A[2K[G[9%] setup (compilation LoaderPlugin)
[2K[1A[2K[G[9%] setup (compilation NodeStuffPlugin)
[2K[1A[2K[G[9%] setup (compilation APIPlugin)
[2K[1A[2K[G[9%] setup (compilation ExportsInfoApiPlugin)
[2K[1A[2K[G[9%] setup (compilation WebpackIsIncludedPlugin)
[2K[1A[2K[G[9%] setup (compilation ConstPlugin)
[2K[1A[2K[G[9%] setup (compilation UseStrictPlugin)
[2K[1A[2K[G[9%] setup (compilation RequireIncludePlugin)
[2K[1A[2K[G[9%] setup (compilation RequireEnsurePlugin)
[2K[1A[2K[G[9%] setup (compilation RequireContextPlugin)
[2K[1A[2K[G[9%] setup (compilation ImportPlugin)
[2K[1A[2K[G[9%] setup (compilation ImportMetaContextPlugin)
[2K[1A[2K[G[9%] setup (compilation SystemPlugin)
[2K[1A[2K[G[9%] setup (compilation ImportMetaPlugin)
[2K[1A[2K[G[9%] setup (compilation URLPlugin)
[2K[1A[2K[G[9%] setup (compilation DefaultStatsFactoryPlugin)
[2K[1A[2K[G[9%] setup (compilation DefaultStatsPresetPlugin)
[2K[1A[2K[G[9%] setup (compilation DefaultStatsPrinterPlugin)
[2K[1A[2K[G[9%] setup (compilation JavascriptMetaInfoPlugin)
[2K[1A[2K[G[9%] setup (compilation EnsureChunkConditionsPlugin)
[2K[1A[2K[G[9%] setup (compilation RemoveEmptyChunksPlugin)
[2K[1A[2K[G[9%] setup (compilation MergeDuplicateChunksPlugin)
[2K[1A[2K[G[9%] setup (compilation SideEffectsFlagPlugin)
[2K[1A[2K[G[9%] setup (compilation FlagDependencyExportsPlugin)
[2K[1A[2K[G[9%] setup (compilation NamedModuleIdsPlugin)
[2K[1A[2K[G[9%] setup (compilation NamedChunkIdsPlugin)
[2K[1A[2K[G[9%] setup (compilation DefinePlugin)
[2K[1A[2K[G[9%] setup (compilation TemplatedPathPlugin)
[2K[1A[2K[G[9%] setup (compilation RecordIdsPlugin)
[2K[1A[2K[G[9%] setup (compilation WarnCaseSensitiveModulesPlugin)
[2K[1A[2K[G[9%] setup (compilation EntryPlugin)
[2K[1A[2K[G[9%] setup (compilation ProvidePlugin)
[2K[1A[2K[G[9%] setup (compilation HotModuleReplacementPlugin)
[2K[1A[2K[G[9%] setup (compilation ProgressPlugin)
[2K[1A[2K[G[9%] setup (compilation)
[2K[1A[2K[G[10%] building 
[2K[1A[2K[G[10%] building (0/0 modules)
[2K[1A[2K[G[24%] building (1/4 modules)
[2K[1A[2K[G[38%] building (34/11 modules)
[2K[1A[2K[G[51%] building (72/13 modules)
[2K[1A[2K[G[51%] building (import loader @vue/vue-loader-v15/lib/index.js)
[2K[1A[2K[G[51%] building (236/54 modules)
[2K[1A[2K[G[51%] building (import loader babel-loader/lib/index.js)
[2K[1A[2K[G[51%] building (import loader @vue/vue-loader-v15/lib/loaders/templateLoader.js)
[2K[1A[2K[G[51%] building (236/61 modules)
[2K[1A[2K[G[51%] building (import loader css-loader/dist/cjs.js)
[2K[1A[2K[G[51%] building (import loader @vue/vue-loader-v15/lib/loaders/stylePostLoader.js
)
[2K[1A[2K[1A[2K[G[51%] building (import loader postcss-loader/dist/cjs.js)
[2K[1A[2K[G[51%] building (236/63 modules)
[2K[1A[2K[G[65%] building (284/89 modules)
[2K[1A[2K[G[65%] building 
[2K[1A[2K[G[69%] building (finish)
[2K[1A[2K[G[70%] sealing (finish module graph)
[2K[1A[2K[G[70%] sealing (finish module graph ResolverCachePlugin)
[2K[1A[2K[G[70%] sealing (finish module graph InferAsyncModulesPlugin)
[2K[1A[2K[G[70%] sealing (finish module graph FlagDependencyExportsPlugin)
[2K[1A[2K[G[70%] sealing (finish module graph)
[2K[1A[2K[G[71%] sealing (plugins)
[2K[1A[2K[G[71%] sealing (plugins WarnCaseSensitiveModulesPlugin)
[2K[1A[2K[G[71%] sealing (plugins)
[2K[1A[2K[G[71%] sealing (dependencies optimization)
[2K[1A[2K[G[71%] sealing (dependencies optimization SideEffectsFlagPlugin)
[2K[1A[2K[G[71%] sealing (dependencies optimization)
[2K[1A[2K[G[72%] sealing (after dependencies optimization)
[2K[1A[2K[G[73%] sealing (chunk graph)
[2K[1A[2K[G[73%] sealing (after chunk graph)
[2K[1A[2K[G[74%] sealing (optimizing)
[2K[1A[2K[G[74%] sealing (module optimization)
[2K[1A[2K[G[75%] sealing (after module optimization)
[2K[1A[2K[G[76%] sealing (chunk optimization)
[2K[1A[2K[G[76%] sealing (chunk optimization EnsureChunkConditionsPlugin)
[2K[1A[2K[G[76%] sealing (chunk optimization RemoveEmptyChunksPlugin)
[2K[1A[2K[G[76%] sealing (chunk optimization MergeDuplicateChunksPlugin)
[2K[1A[2K[G[76%] sealing (chunk optimization SplitChunksPlugin)
[2K[1A[2K[G[76%] sealing (chunk optimization RemoveEmptyChunksPlugin)
[2K[1A[2K[G[76%] sealing (chunk optimization)
[2K[1A[2K[G[76%] sealing (after chunk optimization)
[2K[1A[2K[G[77%] sealing (module and chunk tree optimization)
[2K[1A[2K[G[77%] sealing (module and chunk tree optimization PersistentChildCompilerSinglet
onPlugin)
[2K[1A[2K[1A[2K[G[77%] sealing (module and chunk tree optimization)
[2K[1A[2K[G[78%] sealing (after module and chunk tree optimization)
[2K[1A[2K[G[78%] sealing (chunk modules optimization)
[2K[1A[2K[G[79%] sealing (after chunk modules optimization)
[2K[1A[2K[G[80%] sealing (module reviving)
[2K[1A[2K[G[80%] sealing (module reviving RecordIdsPlugin)
[2K[1A[2K[G[80%] sealing (module reviving)
[2K[1A[2K[G[80%] sealing (before module ids)
[2K[1A[2K[G[81%] sealing (module ids)
[2K[1A[2K[G[81%] sealing (module ids NamedModuleIdsPlugin)
[2K[1A[2K[G[81%] sealing (module ids)
[2K[1A[2K[G[82%] sealing (module id optimization)
[2K[1A[2K[G[82%] sealing (module id optimization)
[2K[1A[2K[G[83%] sealing (chunk reviving)
[2K[1A[2K[G[83%] sealing (chunk reviving RecordIdsPlugin)
[2K[1A[2K[G[83%] sealing (chunk reviving)
[2K[1A[2K[G[83%] sealing (before chunk ids)
[2K[1A[2K[G[84%] sealing (chunk ids)
[2K[1A[2K[G[84%] sealing (chunk ids NamedChunkIdsPlugin)
[2K[1A[2K[G[84%] sealing (chunk ids)
[2K[1A[2K[G[85%] sealing (chunk id optimization)
[2K[1A[2K[G[85%] sealing (after chunk id optimization)
[2K[1A[2K[G[86%] sealing (record modules)
[2K[1A[2K[G[86%] sealing (record modules RecordIdsPlugin)
[2K[1A[2K[G[86%] sealing (record modules)
[2K[1A[2K[G[87%] sealing (record chunks)
[2K[1A[2K[G[87%] sealing (record chunks RecordIdsPlugin)
[2K[1A[2K[G[87%] sealing (record chunks)
[2K[1A[2K[G[87%] sealing (module hashing)
[2K[1A[2K[G[88%] sealing (code generation)
[2K[1A[2K[G[89%] sealing (runtime requirements)
[2K[1A[2K[G[89%] sealing (hashing)
[2K[1A[2K[G[90%] sealing (after hashing)
[2K[1A[2K[G[91%] sealing (record hash)
[2K[1A[2K[G[91%] sealing (module assets processing)
[2K[1A[2K[G[92%] sealing (chunk assets processing)
[2K[1A[2K[G[92%] sealing (asset processing)
[2K[1A[2K[G[92%] sealing (asset processing copy-webpack-plugin)
[2K[1A[2K[G[92%] sealing (asset processing HotModuleReplacementPlugin)
[2K[1A[2K[G[92%] sealing (asset processing PersistentChildCompilerSingletonPlugin)
[2K[1A[2K[G[92%] sealing (asset processing HtmlWebpackPlugin)
[2K[1A[2K[G[92%] sealing (asset processing)
[2K[1A[2K[G[93%] sealing (after asset optimization)
[2K[1A[2K[G[94%] sealing (recording)
[2K[1A[2K[G[94%] sealing (recording HotModuleReplacementPlugin)
[2K[1A[2K[G[94%] sealing (recording)
[2K[1A[2K[G[94%] sealing (after seal)
[2K[1A[2K[G[95%] emitting (emit)
[2K[1A[2K[G[98%] emitting (after emit)
[2K[1A[2K[GBuild finished at 21:52:55 by 0.000s
[2K[1A[2K[GBuild finished at 21:52:55 by 0.000s
[2K[1A[2K[GBuild finished at 21:52:55 by 0.000s
[2K[1A[2K[G DONE  Compiled successfully in 673ms21:52:55

Build finished at 21:52:55 by 0.000s
[2K[1A[2K[G
  App running at:
  - Local:   http://localhost:8083/ 
  - Network: unavailable

Build finished at 21:52:55 by 0.000s
[2K[1A[2K[GBuild finished at 21:52:55 by 0.000s
[2K[1A[2K[GBuild finished at 21:52:55 by 0.000s
[2K[1A[2K[GBuild finished at 21:52:55 by 0.000s
[2K[1A[2K[GBuild finished at 21:52:55 by 0.000s
[2K[1A[2K[GBuild finished at 21:52:55 by 0.000s
[2K[1A[2K[GBuild finished at 21:52:55 by 0.000s
[2K[1A[2K[GBuild finished at 21:52:55 by 0.000s
[2K[1A[2K[G WAIT  Compiling...22:11:24

Compiling...

[2K[1A[2K[G[1%] cache (end idle)
[2K[1A[2K[G[3%] setup (watch run)
[2K[1A[2K[G[3%] setup (watch run webpack-dev-middleware)
[2K[1A[2K[G[3%] setup (watch run)
[2K[1A[2K[G[4%] setup (normal module factory)
[2K[1A[2K[G[4%] setup (normal module factory CaseSensitivePathsPlugin)
[2K[1A[2K[G[4%] setup (normal module factory)
[2K[1A[2K[G[5%] setup (context module factory)
[2K[1A[2K[G[6%] setup (before compile)
[2K[1A[2K[G[6%] setup (before compile ProgressPlugin)
[2K[1A[2K[G[6%] setup (before compile)
[2K[1A[2K[G[7%] setup (compile)
[2K[1A[2K[G[7%] setup (compile ExternalsPlugin)
[2K[1A[2K[G[7%] setup (compile)
[2K[1A[2K[G[8%] setup (compilation)
[2K[1A[2K[G[8%] setup (compilation HtmlWebpackPlugin)
[2K[1A[2K[G[8%] setup (compilation CopyPlugin)
[2K[1A[2K[G[8%] setup (compilation ArrayPushCallbackChunkFormatPlugin)
[2K[1A[2K[G[8%] setup (compilation JsonpChunkLoadingPlugin)
[2K[1A[2K[G[8%] setup (compilation StartupChunkDependenciesPlugin)
[2K[1A[2K[G[8%] setup (compilation ImportScriptsChunkLoadingPlugin)
[2K[1A[2K[G[8%] setup (compilation WorkerPlugin)
[2K[1A[2K[G[8%] setup (compilation SplitChunksPlugin)
[2K[1A[2K[G[8%] setup (compilation ResolverCachePlugin)
[2K[1A[2K[G[8%] setup (compilation)
[2K[1A[2K[G[9%] setup (compilation)
[2K[1A[2K[G[9%] setup (compilation vue-loader-plugin)
[2K[1A[2K[G[9%] setup (compilation DefinePlugin)
[2K[1A[2K[G[9%] setup (compilation ProgressPlugin)
[2K[1A[2K[G[9%] setup (compilation EntryPlugin)
[2K[1A[2K[G[9%] setup (compilation ExternalsPlugin)
[2K[1A[2K[G[9%] setup (compilation ChunkPrefetchPreloadPlugin)
[2K[1A[2K[G[9%] setup (compilation ModuleInfoHeaderPlugin)
[2K[1A[2K[G[9%] setup (compilation EvalSourceMapDevToolPlugin)
[2K[1A[2K[G[9%] setup (compilation JavascriptModulesPlugin)
[2K[1A[2K[G[9%] setup (compilation JsonModulesPlugin)
[2K[1A[2K[G[9%] setup (compilation AssetModulesPlugin)
[2K[1A[2K[G[9%] setup (compilation EntryPlugin)
[2K[1A[2K[G[9%] setup (compilation RuntimePlugin)
[2K[1A[2K[G[9%] setup (compilation InferAsyncModulesPlugin)
[2K[1A[2K[G[9%] setup (compilation DataUriPlugin)
[2K[1A[2K[G[9%] setup (compilation FileUriPlugin)
[2K[1A[2K[G[9%] setup (compilation CompatibilityPlugin)
[2K[1A[2K[G[9%] setup (compilation HarmonyModulesPlugin)
[2K[1A[2K[G[9%] setup (compilation AMDPlugin)
[2K[1A[2K[G[9%] setup (compilation RequireJsStuffPlugin)
[2K[1A[2K[G[9%] setup (compilation CommonJsPlugin)
[2K[1A[2K[G[9%] setup (compilation LoaderPlugin)
[2K[1A[2K[G[9%] setup (compilation NodeStuffPlugin)
[2K[1A[2K[G[9%] setup (compilation APIPlugin)
[2K[1A[2K[G[9%] setup (compilation ExportsInfoApiPlugin)
[2K[1A[2K[G[9%] setup (compilation WebpackIsIncludedPlugin)
[2K[1A[2K[G[9%] setup (compilation ConstPlugin)
[2K[1A[2K[G[9%] setup (compilation UseStrictPlugin)
[2K[1A[2K[G[9%] setup (compilation RequireIncludePlugin)
[2K[1A[2K[G[9%] setup (compilation RequireEnsurePlugin)
[2K[1A[2K[G[9%] setup (compilation RequireContextPlugin)
[2K[1A[2K[G[9%] setup (compilation ImportPlugin)
[2K[1A[2K[G[9%] setup (compilation ImportMetaContextPlugin)
[2K[1A[2K[G[9%] setup (compilation SystemPlugin)
[2K[1A[2K[G[9%] setup (compilation ImportMetaPlugin)
[2K[1A[2K[G[9%] setup (compilation URLPlugin)
[2K[1A[2K[G[9%] setup (compilation DefaultStatsFactoryPlugin)
[2K[1A[2K[G[9%] setup (compilation DefaultStatsPresetPlugin)
[2K[1A[2K[G[9%] setup (compilation DefaultStatsPrinterPlugin)
[2K[1A[2K[G[9%] setup (compilation JavascriptMetaInfoPlugin)
[2K[1A[2K[G[9%] setup (compilation EnsureChunkConditionsPlugin)
[2K[1A[2K[G[9%] setup (compilation RemoveEmptyChunksPlugin)
[2K[1A[2K[G[9%] setup (compilation MergeDuplicateChunksPlugin)
[2K[1A[2K[G[9%] setup (compilation SideEffectsFlagPlugin)
[2K[1A[2K[G[9%] setup (compilation FlagDependencyExportsPlugin)
[2K[1A[2K[G[9%] setup (compilation NamedModuleIdsPlugin)
[2K[1A[2K[G[9%] setup (compilation NamedChunkIdsPlugin)
[2K[1A[2K[G[9%] setup (compilation DefinePlugin)
[2K[1A[2K[G[9%] setup (compilation TemplatedPathPlugin)
[2K[1A[2K[G[9%] setup (compilation RecordIdsPlugin)
[2K[1A[2K[G[9%] setup (compilation WarnCaseSensitiveModulesPlugin)
[2K[1A[2K[G[9%] setup (compilation EntryPlugin)
[2K[1A[2K[G[9%] setup (compilation ProvidePlugin)
[2K[1A[2K[G[9%] setup (compilation HotModuleReplacementPlugin)
[2K[1A[2K[G[9%] setup (compilation ProgressPlugin)
[2K[1A[2K[G[9%] setup (compilation)
[2K[1A[2K[G[10%] building 
[2K[1A[2K[G[10%] building (0/0 modules)
[2K[1A[2K[G[24%] building (14/5 modules)
[2K[1A[2K[G[38%] building (15/5 modules)
[2K[1A[2K[G[51%] building (42/13 modules)
[2K[1A[2K[G[51%] building (import loader @vue/vue-loader-v15/lib/index.js)
[2K[1A[2K[G[51%] building (236/54 modules)
[2K[1A[2K[G[51%] building (import loader babel-loader/lib/index.js)
[2K[1A[2K[G[51%] building (import loader @vue/vue-loader-v15/lib/loaders/templateLoader.js)
[2K[1A[2K[G[51%] building (236/61 modules)
[2K[1A[2K[G[51%] building (import loader css-loader/dist/cjs.js)
[2K[1A[2K[G[51%] building (import loader @vue/vue-loader-v15/lib/loaders/stylePostLoader.js
)
[2K[1A[2K[1A[2K[G[51%] building (import loader postcss-loader/dist/cjs.js)
[2K[1A[2K[G[51%] building (236/63 modules)
[2K[1A[2K[G[65%] building (284/89 modules)
[2K[1A[2K[G[65%] building 
[2K[1A[2K[G[69%] building (finish)
[2K[1A[2K[G[70%] sealing (finish module graph)
[2K[1A[2K[G[70%] sealing (finish module graph ResolverCachePlugin)
[2K[1A[2K[G[70%] sealing (finish module graph InferAsyncModulesPlugin)
[2K[1A[2K[G[70%] sealing (finish module graph FlagDependencyExportsPlugin)
[2K[1A[2K[G[70%] sealing (finish module graph)
[2K[1A[2K[G[71%] sealing (plugins)
[2K[1A[2K[G[71%] sealing (plugins WarnCaseSensitiveModulesPlugin)
[2K[1A[2K[G[71%] sealing (plugins)
[2K[1A[2K[G[71%] sealing (dependencies optimization)
[2K[1A[2K[G[71%] sealing (dependencies optimization SideEffectsFlagPlugin)
[2K[1A[2K[G[71%] sealing (dependencies optimization)
[2K[1A[2K[G[72%] sealing (after dependencies optimization)
[2K[1A[2K[G[73%] sealing (chunk graph)
[2K[1A[2K[G[73%] sealing (after chunk graph)
[2K[1A[2K[G[74%] sealing (optimizing)
[2K[1A[2K[G[74%] sealing (module optimization)
[2K[1A[2K[G[75%] sealing (after module optimization)
[2K[1A[2K[G[76%] sealing (chunk optimization)
[2K[1A[2K[G[76%] sealing (chunk optimization EnsureChunkConditionsPlugin)
[2K[1A[2K[G[76%] sealing (chunk optimization RemoveEmptyChunksPlugin)
[2K[1A[2K[G[76%] sealing (chunk optimization MergeDuplicateChunksPlugin)
[2K[1A[2K[G[76%] sealing (chunk optimization SplitChunksPlugin)
[2K[1A[2K[G[76%] sealing (chunk optimization RemoveEmptyChunksPlugin)
[2K[1A[2K[G[76%] sealing (chunk optimization)
[2K[1A[2K[G[76%] sealing (after chunk optimization)
[2K[1A[2K[G[77%] sealing (module and chunk tree optimization)
[2K[1A[2K[G[77%] sealing (module and chunk tree optimization PersistentChildCompilerSinglet
onPlugin)
[2K[1A[2K[1A[2K[G[77%] sealing (module and chunk tree optimization)
[2K[1A[2K[G[78%] sealing (after module and chunk tree optimization)
[2K[1A[2K[G[78%] sealing (chunk modules optimization)
[2K[1A[2K[G[79%] sealing (after chunk modules optimization)
[2K[1A[2K[G[80%] sealing (module reviving)
[2K[1A[2K[G[80%] sealing (module reviving RecordIdsPlugin)
[2K[1A[2K[G[80%] sealing (module reviving)
[2K[1A[2K[G[80%] sealing (before module ids)
[2K[1A[2K[G[81%] sealing (module ids)
[2K[1A[2K[G[81%] sealing (module ids NamedModuleIdsPlugin)
[2K[1A[2K[G[81%] sealing (module ids)
[2K[1A[2K[G[82%] sealing (module id optimization)
[2K[1A[2K[G[82%] sealing (module id optimization)
[2K[1A[2K[G[83%] sealing (chunk reviving)
[2K[1A[2K[G[83%] sealing (chunk reviving RecordIdsPlugin)
[2K[1A[2K[G[83%] sealing (chunk reviving)
[2K[1A[2K[G[83%] sealing (before chunk ids)
[2K[1A[2K[G[84%] sealing (chunk ids)
[2K[1A[2K[G[84%] sealing (chunk ids NamedChunkIdsPlugin)
[2K[1A[2K[G[84%] sealing (chunk ids)
[2K[1A[2K[G[85%] sealing (chunk id optimization)
[2K[1A[2K[G[85%] sealing (after chunk id optimization)
[2K[1A[2K[G[86%] sealing (record modules)
[2K[1A[2K[G[86%] sealing (record modules RecordIdsPlugin)
[2K[1A[2K[G[86%] sealing (record modules)
[2K[1A[2K[G[87%] sealing (record chunks)
[2K[1A[2K[G[87%] sealing (record chunks RecordIdsPlugin)
[2K[1A[2K[G[87%] sealing (record chunks)
[2K[1A[2K[G[87%] sealing (module hashing)
[2K[1A[2K[G[88%] sealing (code generation)
[2K[1A[2K[G[89%] sealing (runtime requirements)
[2K[1A[2K[G[89%] sealing (hashing)
[2K[1A[2K[G[90%] sealing (after hashing)
[2K[1A[2K[G[91%] sealing (record hash)
[2K[1A[2K[G[91%] sealing (module assets processing)
[2K[1A[2K[G[92%] sealing (chunk assets processing)
[2K[1A[2K[G[92%] sealing (asset processing)
[2K[1A[2K[G[92%] sealing (asset processing copy-webpack-plugin)
[2K[1A[2K[G[92%] sealing (asset processing HotModuleReplacementPlugin)
[2K[1A[2K[G[92%] sealing (asset processing PersistentChildCompilerSingletonPlugin)
[2K[1A[2K[G[92%] sealing (asset processing HtmlWebpackPlugin)
[2K[1A[2K[G[92%] sealing (asset processing)
[2K[1A[2K[G[93%] sealing (after asset optimization)
[2K[1A[2K[G[94%] sealing (recording)
[2K[1A[2K[G[94%] sealing (recording HotModuleReplacementPlugin)
[2K[1A[2K[G[94%] sealing (recording)
[2K[1A[2K[G[94%] sealing (after seal)
[2K[1A[2K[G[95%] emitting (emit)
[2K[1A[2K[G[98%] emitting (after emit)
[2K[1A[2K[GBuild finished at 22:11:25 by 0.000s
[2K[1A[2K[GBuild finished at 22:11:25 by 0.000s
[2K[1A[2K[GBuild finished at 22:11:25 by 0.000s
[2K[1A[2K[G DONE  Compiled successfully in 660ms22:11:25

Build finished at 22:11:25 by 0.000s
[2K[1A[2K[G
  App running at:
  - Local:   http://localhost:8083/ 
  - Network: unavailable

Build finished at 22:11:25 by 0.000s
[2K[1A[2K[GBuild finished at 22:11:25 by 0.000s
[2K[1A[2K[GBuild finished at 22:11:25 by 0.000s
[2K[1A[2K[GBuild finished at 22:11:25 by 0.000s
[2K[1A[2K[GBuild finished at 22:11:25 by 0.000s
[2K[1A[2K[GBuild finished at 22:11:25 by 0.000s
[2K[1A[2K[GBuild finished at 22:11:25 by 0.000s
[2K[1A[2K[GBuild finished at 22:11:25 by 0.000s
[2K[1A[2K[G WAIT  Compiling...22:11:48

Compiling...

[2K[1A[2K[G[1%] cache (end idle)
[2K[1A[2K[G[3%] setup (watch run)
[2K[1A[2K[G[3%] setup (watch run webpack-dev-middleware)
[2K[1A[2K[G[3%] setup (watch run)
[2K[1A[2K[G[4%] setup (normal module factory)
[2K[1A[2K[G[4%] setup (normal module factory CaseSensitivePathsPlugin)
[2K[1A[2K[G[4%] setup (normal module factory)
[2K[1A[2K[G[5%] setup (context module factory)
[2K[1A[2K[G[6%] setup (before compile)
[2K[1A[2K[G[6%] setup (before compile ProgressPlugin)
[2K[1A[2K[G[6%] setup (before compile)
[2K[1A[2K[G[7%] setup (compile)
[2K[1A[2K[G[7%] setup (compile ExternalsPlugin)
[2K[1A[2K[G[7%] setup (compile)
[2K[1A[2K[G[8%] setup (compilation)
[2K[1A[2K[G[8%] setup (compilation HtmlWebpackPlugin)
[2K[1A[2K[G[8%] setup (compilation CopyPlugin)
[2K[1A[2K[G[8%] setup (compilation ArrayPushCallbackChunkFormatPlugin)
[2K[1A[2K[G[8%] setup (compilation JsonpChunkLoadingPlugin)
[2K[1A[2K[G[8%] setup (compilation StartupChunkDependenciesPlugin)
[2K[1A[2K[G[8%] setup (compilation ImportScriptsChunkLoadingPlugin)
[2K[1A[2K[G[8%] setup (compilation WorkerPlugin)
[2K[1A[2K[G[8%] setup (compilation SplitChunksPlugin)
[2K[1A[2K[G[8%] setup (compilation ResolverCachePlugin)
[2K[1A[2K[G[8%] setup (compilation)
[2K[1A[2K[G[9%] setup (compilation)
[2K[1A[2K[G[9%] setup (compilation vue-loader-plugin)
[2K[1A[2K[G[9%] setup (compilation DefinePlugin)
[2K[1A[2K[G[9%] setup (compilation ProgressPlugin)
[2K[1A[2K[G[9%] setup (compilation EntryPlugin)
[2K[1A[2K[G[9%] setup (compilation ExternalsPlugin)
[2K[1A[2K[G[9%] setup (compilation ChunkPrefetchPreloadPlugin)
[2K[1A[2K[G[9%] setup (compilation ModuleInfoHeaderPlugin)
[2K[1A[2K[G[9%] setup (compilation EvalSourceMapDevToolPlugin)
[2K[1A[2K[G[9%] setup (compilation JavascriptModulesPlugin)
[2K[1A[2K[G[9%] setup (compilation JsonModulesPlugin)
[2K[1A[2K[G[9%] setup (compilation AssetModulesPlugin)
[2K[1A[2K[G[9%] setup (compilation EntryPlugin)
[2K[1A[2K[G[9%] setup (compilation RuntimePlugin)
[2K[1A[2K[G[9%] setup (compilation InferAsyncModulesPlugin)
[2K[1A[2K[G[9%] setup (compilation DataUriPlugin)
[2K[1A[2K[G[9%] setup (compilation FileUriPlugin)
[2K[1A[2K[G[9%] setup (compilation CompatibilityPlugin)
[2K[1A[2K[G[9%] setup (compilation HarmonyModulesPlugin)
[2K[1A[2K[G[9%] setup (compilation AMDPlugin)
[2K[1A[2K[G[9%] setup (compilation RequireJsStuffPlugin)
[2K[1A[2K[G[9%] setup (compilation CommonJsPlugin)
[2K[1A[2K[G[9%] setup (compilation LoaderPlugin)
[2K[1A[2K[G[9%] setup (compilation NodeStuffPlugin)
[2K[1A[2K[G[9%] setup (compilation APIPlugin)
[2K[1A[2K[G[9%] setup (compilation ExportsInfoApiPlugin)
[2K[1A[2K[G[9%] setup (compilation WebpackIsIncludedPlugin)
[2K[1A[2K[G[9%] setup (compilation ConstPlugin)
[2K[1A[2K[G[9%] setup (compilation UseStrictPlugin)
[2K[1A[2K[G[9%] setup (compilation RequireIncludePlugin)
[2K[1A[2K[G[9%] setup (compilation RequireEnsurePlugin)
[2K[1A[2K[G[9%] setup (compilation RequireContextPlugin)
[2K[1A[2K[G[9%] setup (compilation ImportPlugin)
[2K[1A[2K[G[9%] setup (compilation ImportMetaContextPlugin)
[2K[1A[2K[G[9%] setup (compilation SystemPlugin)
[2K[1A[2K[G[9%] setup (compilation ImportMetaPlugin)
[2K[1A[2K[G[9%] setup (compilation URLPlugin)
[2K[1A[2K[G[9%] setup (compilation DefaultStatsFactoryPlugin)
[2K[1A[2K[G[9%] setup (compilation DefaultStatsPresetPlugin)
[2K[1A[2K[G[9%] setup (compilation DefaultStatsPrinterPlugin)
[2K[1A[2K[G[9%] setup (compilation JavascriptMetaInfoPlugin)
[2K[1A[2K[G[9%] setup (compilation EnsureChunkConditionsPlugin)
[2K[1A[2K[G[9%] setup (compilation RemoveEmptyChunksPlugin)
[2K[1A[2K[G[9%] setup (compilation MergeDuplicateChunksPlugin)
[2K[1A[2K[G[9%] setup (compilation SideEffectsFlagPlugin)
[2K[1A[2K[G[9%] setup (compilation FlagDependencyExportsPlugin)
[2K[1A[2K[G[9%] setup (compilation NamedModuleIdsPlugin)
[2K[1A[2K[G[9%] setup (compilation NamedChunkIdsPlugin)
[2K[1A[2K[G[9%] setup (compilation DefinePlugin)
[2K[1A[2K[G[9%] setup (compilation TemplatedPathPlugin)
[2K[1A[2K[G[9%] setup (compilation RecordIdsPlugin)
[2K[1A[2K[G[9%] setup (compilation WarnCaseSensitiveModulesPlugin)
[2K[1A[2K[G[9%] setup (compilation EntryPlugin)
[2K[1A[2K[G[9%] setup (compilation ProvidePlugin)
[2K[1A[2K[G[9%] setup (compilation HotModuleReplacementPlugin)
[2K[1A[2K[G[9%] setup (compilation ProgressPlugin)
[2K[1A[2K[G[9%] setup (compilation)
[2K[1A[2K[G[10%] building 
[2K[1A[2K[G[10%] building (0/0 modules)
[2K[1A[2K[G[24%] building (1/4 modules)
[2K[1A[2K[G[38%] building (66/9 modules)
[2K[1A[2K[G[51%] building (123/14 modules)
[2K[1A[2K[G[51%] building (import loader @vue/vue-loader-v15/lib/index.js)
[2K[1A[2K[G[51%] building (156/34 modules)
[2K[1A[2K[G[51%] building (import loader babel-loader/lib/index.js)
[2K[1A[2K[G[51%] building (import loader @vue/vue-loader-v15/lib/loaders/templateLoader.js)
[2K[1A[2K[G[51%] building (236/63 modules)
[2K[1A[2K[G[51%] building (import loader css-loader/dist/cjs.js)
[2K[1A[2K[G[51%] building (import loader @vue/vue-loader-v15/lib/loaders/stylePostLoader.js
)
[2K[1A[2K[1A[2K[G[51%] building (import loader postcss-loader/dist/cjs.js)
[2K[1A[2K[G[51%] building (236/64 modules)
[2K[1A[2K[G[65%] building (284/89 modules)
[2K[1A[2K[G[65%] building 
[2K[1A[2K[G[69%] building (finish)
[2K[1A[2K[G[70%] sealing (finish module graph)
[2K[1A[2K[G[70%] sealing (finish module graph ResolverCachePlugin)
[2K[1A[2K[G[70%] sealing (finish module graph InferAsyncModulesPlugin)
[2K[1A[2K[G[70%] sealing (finish module graph FlagDependencyExportsPlugin)
[2K[1A[2K[G[70%] sealing (finish module graph)
[2K[1A[2K[G[71%] sealing (plugins)
[2K[1A[2K[G[71%] sealing (plugins WarnCaseSensitiveModulesPlugin)
[2K[1A[2K[G[71%] sealing (plugins)
[2K[1A[2K[G[71%] sealing (dependencies optimization)
[2K[1A[2K[G[71%] sealing (dependencies optimization SideEffectsFlagPlugin)
[2K[1A[2K[G[71%] sealing (dependencies optimization)
[2K[1A[2K[G[72%] sealing (after dependencies optimization)
[2K[1A[2K[G[73%] sealing (chunk graph)
[2K[1A[2K[G[73%] sealing (after chunk graph)
[2K[1A[2K[G[74%] sealing (optimizing)
[2K[1A[2K[G[74%] sealing (module optimization)
[2K[1A[2K[G[75%] sealing (after module optimization)
[2K[1A[2K[G[76%] sealing (chunk optimization)
[2K[1A[2K[G[76%] sealing (chunk optimization EnsureChunkConditionsPlugin)
[2K[1A[2K[G[76%] sealing (chunk optimization RemoveEmptyChunksPlugin)
[2K[1A[2K[G[76%] sealing (chunk optimization MergeDuplicateChunksPlugin)
[2K[1A[2K[G[76%] sealing (chunk optimization SplitChunksPlugin)
[2K[1A[2K[G[76%] sealing (chunk optimization RemoveEmptyChunksPlugin)
[2K[1A[2K[G[76%] sealing (chunk optimization)
[2K[1A[2K[G[76%] sealing (after chunk optimization)
[2K[1A[2K[G[77%] sealing (module and chunk tree optimization)
[2K[1A[2K[G[77%] sealing (module and chunk tree optimization PersistentChildCompilerSinglet
onPlugin)
[2K[1A[2K[1A[2K[G[77%] sealing (module and chunk tree optimization)
[2K[1A[2K[G[78%] sealing (after module and chunk tree optimization)
[2K[1A[2K[G[78%] sealing (chunk modules optimization)
[2K[1A[2K[G[79%] sealing (after chunk modules optimization)
[2K[1A[2K[G[80%] sealing (module reviving)
[2K[1A[2K[G[80%] sealing (module reviving RecordIdsPlugin)
[2K[1A[2K[G[80%] sealing (module reviving)
[2K[1A[2K[G[80%] sealing (before module ids)
[2K[1A[2K[G[81%] sealing (module ids)
[2K[1A[2K[G[81%] sealing (module ids NamedModuleIdsPlugin)
[2K[1A[2K[G[81%] sealing (module ids)
[2K[1A[2K[G[82%] sealing (module id optimization)
[2K[1A[2K[G[82%] sealing (module id optimization)
[2K[1A[2K[G[83%] sealing (chunk reviving)
[2K[1A[2K[G[83%] sealing (chunk reviving RecordIdsPlugin)
[2K[1A[2K[G[83%] sealing (chunk reviving)
[2K[1A[2K[G[83%] sealing (before chunk ids)
[2K[1A[2K[G[84%] sealing (chunk ids)
[2K[1A[2K[G[84%] sealing (chunk ids NamedChunkIdsPlugin)
[2K[1A[2K[G[84%] sealing (chunk ids)
[2K[1A[2K[G[85%] sealing (chunk id optimization)
[2K[1A[2K[G[85%] sealing (after chunk id optimization)
[2K[1A[2K[G[86%] sealing (record modules)
[2K[1A[2K[G[86%] sealing (record modules RecordIdsPlugin)
[2K[1A[2K[G[86%] sealing (record modules)
[2K[1A[2K[G[87%] sealing (record chunks)
[2K[1A[2K[G[87%] sealing (record chunks RecordIdsPlugin)
[2K[1A[2K[G[87%] sealing (record chunks)
[2K[1A[2K[G[87%] sealing (module hashing)
[2K[1A[2K[G[88%] sealing (code generation)
[2K[1A[2K[G[89%] sealing (runtime requirements)
[2K[1A[2K[G[89%] sealing (hashing)
[2K[1A[2K[G[90%] sealing (after hashing)
[2K[1A[2K[G[91%] sealing (record hash)
[2K[1A[2K[G[91%] sealing (module assets processing)
[2K[1A[2K[G[92%] sealing (chunk assets processing)
[2K[1A[2K[G[92%] sealing (asset processing)
[2K[1A[2K[G[92%] sealing (asset processing copy-webpack-plugin)
[2K[1A[2K[G[92%] sealing (asset processing HotModuleReplacementPlugin)
[2K[1A[2K[G[92%] sealing (asset processing PersistentChildCompilerSingletonPlugin)
[2K[1A[2K[G[92%] sealing (asset processing HtmlWebpackPlugin)
[2K[1A[2K[G[92%] sealing (asset processing)
[2K[1A[2K[G[93%] sealing (after asset optimization)
[2K[1A[2K[G[94%] sealing (recording)
[2K[1A[2K[G[94%] sealing (recording HotModuleReplacementPlugin)
[2K[1A[2K[G[94%] sealing (recording)
[2K[1A[2K[G[94%] sealing (after seal)
[2K[1A[2K[G[95%] emitting (emit)
[2K[1A[2K[G[98%] emitting (after emit)
[2K[1A[2K[GBuild finished at 22:11:49 by 0.000s
[2K[1A[2K[GBuild finished at 22:11:49 by 0.000s
[2K[1A[2K[GBuild finished at 22:11:49 by 0.000s
[2K[1A[2K[G DONE  Compiled successfully in 608ms22:11:49

Build finished at 22:11:49 by 0.000s
[2K[1A[2K[G
  App running at:
  - Local:   http://localhost:8083/ 
  - Network: unavailable

Build finished at 22:11:49 by 0.000s
[2K[1A[2K[GBuild finished at 22:11:49 by 0.000s
[2K[1A[2K[GBuild finished at 22:11:49 by 0.000s
[2K[1A[2K[GBuild finished at 22:11:49 by 0.000s
[2K[1A[2K[GBuild finished at 22:11:49 by 0.000s
[2K[1A[2K[GBuild finished at 22:11:49 by 0.000s
[2K[1A[2K[GBuild finished at 22:11:49 by 0.000s
[2K[1A[2K[GBuild finished at 22:11:49 by 0.000s
[2K[1A[2K[G WAIT  Compiling...22:41:40

Compiling...

[2K[1A[2K[G[1%] cache (end idle)
[2K[1A[2K[G[3%] setup (watch run)
[2K[1A[2K[G[3%] setup (watch run webpack-dev-middleware)
[2K[1A[2K[G[3%] setup (watch run)
[2K[1A[2K[G[4%] setup (normal module factory)
[2K[1A[2K[G[4%] setup (normal module factory CaseSensitivePathsPlugin)
[2K[1A[2K[G[4%] setup (normal module factory)
[2K[1A[2K[G[5%] setup (context module factory)
[2K[1A[2K[G[6%] setup (before compile)
[2K[1A[2K[G[6%] setup (before compile ProgressPlugin)
[2K[1A[2K[G[6%] setup (before compile)
[2K[1A[2K[G[7%] setup (compile)
[2K[1A[2K[G[7%] setup (compile ExternalsPlugin)
[2K[1A[2K[G[7%] setup (compile)
[2K[1A[2K[G[8%] setup (compilation)
[2K[1A[2K[G[8%] setup (compilation HtmlWebpackPlugin)
[2K[1A[2K[G[8%] setup (compilation CopyPlugin)
[2K[1A[2K[G[8%] setup (compilation ArrayPushCallbackChunkFormatPlugin)
[2K[1A[2K[G[8%] setup (compilation JsonpChunkLoadingPlugin)
[2K[1A[2K[G[8%] setup (compilation StartupChunkDependenciesPlugin)
[2K[1A[2K[G[8%] setup (compilation ImportScriptsChunkLoadingPlugin)
[2K[1A[2K[G[8%] setup (compilation WorkerPlugin)
[2K[1A[2K[G[8%] setup (compilation SplitChunksPlugin)
[2K[1A[2K[G[8%] setup (compilation ResolverCachePlugin)
[2K[1A[2K[G[8%] setup (compilation)
[2K[1A[2K[G[9%] setup (compilation)
[2K[1A[2K[G[9%] setup (compilation vue-loader-plugin)
[2K[1A[2K[G[9%] setup (compilation DefinePlugin)
[2K[1A[2K[G[9%] setup (compilation ProgressPlugin)
[2K[1A[2K[G[9%] setup (compilation EntryPlugin)
[2K[1A[2K[G[9%] setup (compilation ExternalsPlugin)
[2K[1A[2K[G[9%] setup (compilation ChunkPrefetchPreloadPlugin)
[2K[1A[2K[G[9%] setup (compilation ModuleInfoHeaderPlugin)
[2K[1A[2K[G[9%] setup (compilation EvalSourceMapDevToolPlugin)
[2K[1A[2K[G[9%] setup (compilation JavascriptModulesPlugin)
[2K[1A[2K[G[9%] setup (compilation JsonModulesPlugin)
[2K[1A[2K[G[9%] setup (compilation AssetModulesPlugin)
[2K[1A[2K[G[9%] setup (compilation EntryPlugin)
[2K[1A[2K[G[9%] setup (compilation RuntimePlugin)
[2K[1A[2K[G[9%] setup (compilation InferAsyncModulesPlugin)
[2K[1A[2K[G[9%] setup (compilation DataUriPlugin)
[2K[1A[2K[G[9%] setup (compilation FileUriPlugin)
[2K[1A[2K[G[9%] setup (compilation CompatibilityPlugin)
[2K[1A[2K[G[9%] setup (compilation HarmonyModulesPlugin)
[2K[1A[2K[G[9%] setup (compilation AMDPlugin)
[2K[1A[2K[G[9%] setup (compilation RequireJsStuffPlugin)
[2K[1A[2K[G[9%] setup (compilation CommonJsPlugin)
[2K[1A[2K[G[9%] setup (compilation LoaderPlugin)
[2K[1A[2K[G[9%] setup (compilation NodeStuffPlugin)
[2K[1A[2K[G[9%] setup (compilation APIPlugin)
[2K[1A[2K[G[9%] setup (compilation ExportsInfoApiPlugin)
[2K[1A[2K[G[9%] setup (compilation WebpackIsIncludedPlugin)
[2K[1A[2K[G[9%] setup (compilation ConstPlugin)
[2K[1A[2K[G[9%] setup (compilation UseStrictPlugin)
[2K[1A[2K[G[9%] setup (compilation RequireIncludePlugin)
[2K[1A[2K[G[9%] setup (compilation RequireEnsurePlugin)
[2K[1A[2K[G[9%] setup (compilation RequireContextPlugin)
[2K[1A[2K[G[9%] setup (compilation ImportPlugin)
[2K[1A[2K[G[9%] setup (compilation ImportMetaContextPlugin)
[2K[1A[2K[G[9%] setup (compilation SystemPlugin)
[2K[1A[2K[G[9%] setup (compilation ImportMetaPlugin)
[2K[1A[2K[G[9%] setup (compilation URLPlugin)
[2K[1A[2K[G[9%] setup (compilation DefaultStatsFactoryPlugin)
[2K[1A[2K[G[9%] setup (compilation DefaultStatsPresetPlugin)
[2K[1A[2K[G[9%] setup (compilation DefaultStatsPrinterPlugin)
[2K[1A[2K[G[9%] setup (compilation JavascriptMetaInfoPlugin)
[2K[1A[2K[G[9%] setup (compilation EnsureChunkConditionsPlugin)
[2K[1A[2K[G[9%] setup (compilation RemoveEmptyChunksPlugin)
[2K[1A[2K[G[9%] setup (compilation MergeDuplicateChunksPlugin)
[2K[1A[2K[G[9%] setup (compilation SideEffectsFlagPlugin)
[2K[1A[2K[G[9%] setup (compilation FlagDependencyExportsPlugin)
[2K[1A[2K[G[9%] setup (compilation NamedModuleIdsPlugin)
[2K[1A[2K[G[9%] setup (compilation NamedChunkIdsPlugin)
[2K[1A[2K[G[9%] setup (compilation DefinePlugin)
[2K[1A[2K[G[9%] setup (compilation TemplatedPathPlugin)
[2K[1A[2K[G[9%] setup (compilation RecordIdsPlugin)
[2K[1A[2K[G[9%] setup (compilation WarnCaseSensitiveModulesPlugin)
[2K[1A[2K[G[9%] setup (compilation EntryPlugin)
[2K[1A[2K[G[9%] setup (compilation ProvidePlugin)
[2K[1A[2K[G[9%] setup (compilation HotModuleReplacementPlugin)
[2K[1A[2K[G[9%] setup (compilation ProgressPlugin)
[2K[1A[2K[G[9%] setup (compilation)
[2K[1A[2K[G[10%] building 
[2K[1A[2K[G[10%] building (0/0 modules)
[2K[1A[2K[G[24%] building (14/5 modules)
[2K[1A[2K[G[38%] building (15/5 modules)
[2K[1A[2K[G[51%] building (122/23 modules)
[2K[1A[2K[G[51%] building (import loader @vue/vue-loader-v15/lib/index.js)
[2K[1A[2K[G[51%] building (236/54 modules)
[2K[1A[2K[G[51%] building (import loader babel-loader/lib/index.js)
[2K[1A[2K[G[51%] building (import loader @vue/vue-loader-v15/lib/loaders/templateLoader.js)
[2K[1A[2K[G[51%] building (236/61 modules)
[2K[1A[2K[G[51%] building (import loader css-loader/dist/cjs.js)
[2K[1A[2K[G[51%] building (import loader @vue/vue-loader-v15/lib/loaders/stylePostLoader.js
)
[2K[1A[2K[1A[2K[G[51%] building (import loader postcss-loader/dist/cjs.js)
[2K[1A[2K[G[51%] building (236/63 modules)
[2K[1A[2K[G[65%] building (284/89 modules)
[2K[1A[2K[G[65%] building 
[2K[1A[2K[G[69%] building (finish)
[2K[1A[2K[G[70%] sealing (finish module graph)
[2K[1A[2K[G[70%] sealing (finish module graph ResolverCachePlugin)
[2K[1A[2K[G[70%] sealing (finish module graph InferAsyncModulesPlugin)
[2K[1A[2K[G[70%] sealing (finish module graph FlagDependencyExportsPlugin)
[2K[1A[2K[G[70%] sealing (finish module graph)
[2K[1A[2K[G[71%] sealing (plugins)
[2K[1A[2K[G[71%] sealing (plugins WarnCaseSensitiveModulesPlugin)
[2K[1A[2K[G[71%] sealing (plugins)
[2K[1A[2K[G[71%] sealing (dependencies optimization)
[2K[1A[2K[G[71%] sealing (dependencies optimization SideEffectsFlagPlugin)
[2K[1A[2K[G[71%] sealing (dependencies optimization)
[2K[1A[2K[G[72%] sealing (after dependencies optimization)
[2K[1A[2K[G[73%] sealing (chunk graph)
[2K[1A[2K[G[73%] sealing (after chunk graph)
[2K[1A[2K[G[74%] sealing (optimizing)
[2K[1A[2K[G[74%] sealing (module optimization)
[2K[1A[2K[G[75%] sealing (after module optimization)
[2K[1A[2K[G[76%] sealing (chunk optimization)
[2K[1A[2K[G[76%] sealing (chunk optimization EnsureChunkConditionsPlugin)
[2K[1A[2K[G[76%] sealing (chunk optimization RemoveEmptyChunksPlugin)
[2K[1A[2K[G[76%] sealing (chunk optimization MergeDuplicateChunksPlugin)
[2K[1A[2K[G[76%] sealing (chunk optimization SplitChunksPlugin)
[2K[1A[2K[G[76%] sealing (chunk optimization RemoveEmptyChunksPlugin)
[2K[1A[2K[G[76%] sealing (chunk optimization)
[2K[1A[2K[G[76%] sealing (after chunk optimization)
[2K[1A[2K[G[77%] sealing (module and chunk tree optimization)
[2K[1A[2K[G[77%] sealing (module and chunk tree optimization PersistentChildCompilerSinglet
onPlugin)
[2K[1A[2K[1A[2K[G[77%] sealing (module and chunk tree optimization)
[2K[1A[2K[G[78%] sealing (after module and chunk tree optimization)
[2K[1A[2K[G[78%] sealing (chunk modules optimization)
[2K[1A[2K[G[79%] sealing (after chunk modules optimization)
[2K[1A[2K[G[80%] sealing (module reviving)
[2K[1A[2K[G[80%] sealing (module reviving RecordIdsPlugin)
[2K[1A[2K[G[80%] sealing (module reviving)
[2K[1A[2K[G[80%] sealing (before module ids)
[2K[1A[2K[G[81%] sealing (module ids)
[2K[1A[2K[G[81%] sealing (module ids NamedModuleIdsPlugin)
[2K[1A[2K[G[81%] sealing (module ids)
[2K[1A[2K[G[82%] sealing (module id optimization)
[2K[1A[2K[G[82%] sealing (module id optimization)
[2K[1A[2K[G[83%] sealing (chunk reviving)
[2K[1A[2K[G[83%] sealing (chunk reviving RecordIdsPlugin)
[2K[1A[2K[G[83%] sealing (chunk reviving)
[2K[1A[2K[G[83%] sealing (before chunk ids)
[2K[1A[2K[G[84%] sealing (chunk ids)
[2K[1A[2K[G[84%] sealing (chunk ids NamedChunkIdsPlugin)
[2K[1A[2K[G[84%] sealing (chunk ids)
[2K[1A[2K[G[85%] sealing (chunk id optimization)
[2K[1A[2K[G[85%] sealing (after chunk id optimization)
[2K[1A[2K[G[86%] sealing (record modules)
[2K[1A[2K[G[86%] sealing (record modules RecordIdsPlugin)
[2K[1A[2K[G[86%] sealing (record modules)
[2K[1A[2K[G[87%] sealing (record chunks)
[2K[1A[2K[G[87%] sealing (record chunks RecordIdsPlugin)
[2K[1A[2K[G[87%] sealing (record chunks)
[2K[1A[2K[G[87%] sealing (module hashing)
[2K[1A[2K[G[88%] sealing (code generation)
[2K[1A[2K[G[89%] sealing (runtime requirements)
[2K[1A[2K[G[89%] sealing (hashing)
[2K[1A[2K[G[90%] sealing (after hashing)
[2K[1A[2K[G[91%] sealing (record hash)
[2K[1A[2K[G[91%] sealing (module assets processing)
[2K[1A[2K[G[92%] sealing (chunk assets processing)
[2K[1A[2K[G[92%] sealing (asset processing)
[2K[1A[2K[G[92%] sealing (asset processing copy-webpack-plugin)
[2K[1A[2K[G[92%] sealing (asset processing HotModuleReplacementPlugin)
[2K[1A[2K[G[92%] sealing (asset processing PersistentChildCompilerSingletonPlugin)
[2K[1A[2K[G[92%] sealing (asset processing HtmlWebpackPlugin)
[2K[1A[2K[G[92%] sealing (asset processing)
[2K[1A[2K[G[93%] sealing (after asset optimization)
[2K[1A[2K[G[94%] sealing (recording)
[2K[1A[2K[G[94%] sealing (recording HotModuleReplacementPlugin)
[2K[1A[2K[G[94%] sealing (recording)
[2K[1A[2K[G[94%] sealing (after seal)
[2K[1A[2K[G[95%] emitting (emit)
[2K[1A[2K[G[98%] emitting (after emit)
[2K[1A[2K[GBuild finished at 22:41:41 by 0.000s
[2K[1A[2K[GBuild finished at 22:41:41 by 0.000s
[2K[1A[2K[GBuild finished at 22:41:41 by 0.000s
[2K[1A[2K[G DONE  Compiled successfully in 1261ms22:41:41

Build finished at 22:41:41 by 0.000s
[2K[1A[2K[G
  App running at:
  - Local:   http://localhost:8083/ 
  - Network: unavailable

Build finished at 22:41:41 by 0.000s
[2K[1A[2K[GBuild finished at 22:41:41 by 0.000s
[2K[1A[2K[GBuild finished at 22:41:41 by 0.000s
[2K[1A[2K[GBuild finished at 22:41:41 by 0.000s
[2K[1A[2K[GBuild finished at 22:41:41 by 0.000s
[2K[1A[2K[GBuild finished at 22:41:41 by 0.000s
[2K[1A[2K[GBuild finished at 22:41:41 by 0.000s
[2K[1A[2K[GBuild finished at 22:41:41 by 0.000s
[2K[1A[2K[G WAIT  Compiling...23:25:22

Compiling...

[2K[1A[2K[G[1%] cache (end idle)
[2K[1A[2K[G[3%] setup (watch run)
[2K[1A[2K[G[3%] setup (watch run webpack-dev-middleware)
[2K[1A[2K[G[3%] setup (watch run)
[2K[1A[2K[G[4%] setup (normal module factory)
[2K[1A[2K[G[4%] setup (normal module factory CaseSensitivePathsPlugin)
[2K[1A[2K[G[4%] setup (normal module factory)
[2K[1A[2K[G[5%] setup (context module factory)
[2K[1A[2K[G[6%] setup (before compile)
[2K[1A[2K[G[6%] setup (before compile ProgressPlugin)
[2K[1A[2K[G[6%] setup (before compile)
[2K[1A[2K[G[7%] setup (compile)
[2K[1A[2K[G[7%] setup (compile ExternalsPlugin)
[2K[1A[2K[G[7%] setup (compile)
[2K[1A[2K[G[8%] setup (compilation)
[2K[1A[2K[G[8%] setup (compilation HtmlWebpackPlugin)
[2K[1A[2K[G[8%] setup (compilation CopyPlugin)
[2K[1A[2K[G[8%] setup (compilation ArrayPushCallbackChunkFormatPlugin)
[2K[1A[2K[G[8%] setup (compilation JsonpChunkLoadingPlugin)
[2K[1A[2K[G[8%] setup (compilation StartupChunkDependenciesPlugin)
[2K[1A[2K[G[8%] setup (compilation ImportScriptsChunkLoadingPlugin)
[2K[1A[2K[G[8%] setup (compilation WorkerPlugin)
[2K[1A[2K[G[8%] setup (compilation SplitChunksPlugin)
[2K[1A[2K[G[8%] setup (compilation ResolverCachePlugin)
[2K[1A[2K[G[8%] setup (compilation)
[2K[1A[2K[G[9%] setup (compilation)
[2K[1A[2K[G[9%] setup (compilation vue-loader-plugin)
[2K[1A[2K[G[9%] setup (compilation DefinePlugin)
[2K[1A[2K[G[9%] setup (compilation ProgressPlugin)
[2K[1A[2K[G[9%] setup (compilation EntryPlugin)
[2K[1A[2K[G[9%] setup (compilation ExternalsPlugin)
[2K[1A[2K[G[9%] setup (compilation ChunkPrefetchPreloadPlugin)
[2K[1A[2K[G[9%] setup (compilation ModuleInfoHeaderPlugin)
[2K[1A[2K[G[9%] setup (compilation EvalSourceMapDevToolPlugin)
[2K[1A[2K[G[9%] setup (compilation JavascriptModulesPlugin)
[2K[1A[2K[G[9%] setup (compilation JsonModulesPlugin)
[2K[1A[2K[G[9%] setup (compilation AssetModulesPlugin)
[2K[1A[2K[G[9%] setup (compilation EntryPlugin)
[2K[1A[2K[G[9%] setup (compilation RuntimePlugin)
[2K[1A[2K[G[9%] setup (compilation InferAsyncModulesPlugin)
[2K[1A[2K[G[9%] setup (compilation DataUriPlugin)
[2K[1A[2K[G[9%] setup (compilation FileUriPlugin)
[2K[1A[2K[G[9%] setup (compilation CompatibilityPlugin)
[2K[1A[2K[G[9%] setup (compilation HarmonyModulesPlugin)
[2K[1A[2K[G[9%] setup (compilation AMDPlugin)
[2K[1A[2K[G[9%] setup (compilation RequireJsStuffPlugin)
[2K[1A[2K[G[9%] setup (compilation CommonJsPlugin)
[2K[1A[2K[G[9%] setup (compilation LoaderPlugin)
[2K[1A[2K[G[9%] setup (compilation NodeStuffPlugin)
[2K[1A[2K[G[9%] setup (compilation APIPlugin)
[2K[1A[2K[G[9%] setup (compilation ExportsInfoApiPlugin)
[2K[1A[2K[G[9%] setup (compilation WebpackIsIncludedPlugin)
[2K[1A[2K[G[9%] setup (compilation ConstPlugin)
[2K[1A[2K[G[9%] setup (compilation UseStrictPlugin)
[2K[1A[2K[G[9%] setup (compilation RequireIncludePlugin)
[2K[1A[2K[G[9%] setup (compilation RequireEnsurePlugin)
[2K[1A[2K[G[9%] setup (compilation RequireContextPlugin)
[2K[1A[2K[G[9%] setup (compilation ImportPlugin)
[2K[1A[2K[G[9%] setup (compilation ImportMetaContextPlugin)
[2K[1A[2K[G[9%] setup (compilation SystemPlugin)
[2K[1A[2K[G[9%] setup (compilation ImportMetaPlugin)
[2K[1A[2K[G[9%] setup (compilation URLPlugin)
[2K[1A[2K[G[9%] setup (compilation DefaultStatsFactoryPlugin)
[2K[1A[2K[G[9%] setup (compilation DefaultStatsPresetPlugin)
[2K[1A[2K[G[9%] setup (compilation DefaultStatsPrinterPlugin)
[2K[1A[2K[G[9%] setup (compilation JavascriptMetaInfoPlugin)
[2K[1A[2K[G[9%] setup (compilation EnsureChunkConditionsPlugin)
[2K[1A[2K[G[9%] setup (compilation RemoveEmptyChunksPlugin)
[2K[1A[2K[G[9%] setup (compilation MergeDuplicateChunksPlugin)
[2K[1A[2K[G[9%] setup (compilation SideEffectsFlagPlugin)
[2K[1A[2K[G[9%] setup (compilation FlagDependencyExportsPlugin)
[2K[1A[2K[G[9%] setup (compilation NamedModuleIdsPlugin)
[2K[1A[2K[G[9%] setup (compilation NamedChunkIdsPlugin)
[2K[1A[2K[G[9%] setup (compilation DefinePlugin)
[2K[1A[2K[G[9%] setup (compilation TemplatedPathPlugin)
[2K[1A[2K[G[9%] setup (compilation RecordIdsPlugin)
[2K[1A[2K[G[9%] setup (compilation WarnCaseSensitiveModulesPlugin)
[2K[1A[2K[G[9%] setup (compilation EntryPlugin)
[2K[1A[2K[G[9%] setup (compilation ProvidePlugin)
[2K[1A[2K[G[9%] setup (compilation HotModuleReplacementPlugin)
[2K[1A[2K[G[9%] setup (compilation ProgressPlugin)
[2K[1A[2K[G[9%] setup (compilation)
[2K[1A[2K[G[10%] building 
[2K[1A[2K[G[10%] building (0/0 modules)
[2K[1A[2K[G[24%] building (1/4 modules)
[2K[1A[2K[G[38%] building (65/11 modules)
[2K[1A[2K[G[51%] building (121/13 modules)
[2K[1A[2K[G[51%] building (import loader @vue/vue-loader-v15/lib/index.js)
[2K[1A[2K[G[51%] building (274/54 modules)
[2K[1A[2K[G[51%] building (import loader babel-loader/lib/index.js)
[2K[1A[2K[G[51%] building (import loader @vue/vue-loader-v15/lib/loaders/templateLoader.js)
[2K[1A[2K[G[51%] building (274/61 modules)
[2K[1A[2K[G[51%] building (import loader css-loader/dist/cjs.js)
[2K[1A[2K[G[51%] building (import loader @vue/vue-loader-v15/lib/loaders/stylePostLoader.js
)
[2K[1A[2K[1A[2K[G[51%] building (import loader postcss-loader/dist/cjs.js)
[2K[1A[2K[G[51%] building (274/63 modules)
[2K[1A[2K[G[65%] building (288/86 modules)
[2K[1A[2K[G[65%] building 
[2K[1A[2K[G[69%] building (finish)
[2K[1A[2K[G[70%] sealing (finish module graph)
[2K[1A[2K[G[70%] sealing (finish module graph ResolverCachePlugin)
[2K[1A[2K[G[70%] sealing (finish module graph InferAsyncModulesPlugin)
[2K[1A[2K[G[70%] sealing (finish module graph FlagDependencyExportsPlugin)
[2K[1A[2K[G[70%] sealing (finish module graph)
[2K[1A[2K[G[71%] sealing (plugins)
[2K[1A[2K[G[71%] sealing (plugins WarnCaseSensitiveModulesPlugin)
[2K[1A[2K[G[71%] sealing (plugins)
[2K[1A[2K[G[71%] sealing (dependencies optimization)
[2K[1A[2K[G[71%] sealing (dependencies optimization SideEffectsFlagPlugin)
[2K[1A[2K[G[71%] sealing (dependencies optimization)
[2K[1A[2K[G[72%] sealing (after dependencies optimization)
[2K[1A[2K[G[73%] sealing (chunk graph)
[2K[1A[2K[G[73%] sealing (after chunk graph)
[2K[1A[2K[G[74%] sealing (optimizing)
[2K[1A[2K[G[74%] sealing (module optimization)
[2K[1A[2K[G[75%] sealing (after module optimization)
[2K[1A[2K[G[76%] sealing (chunk optimization)
[2K[1A[2K[G[76%] sealing (chunk optimization EnsureChunkConditionsPlugin)
[2K[1A[2K[G[76%] sealing (chunk optimization RemoveEmptyChunksPlugin)
[2K[1A[2K[G[76%] sealing (chunk optimization MergeDuplicateChunksPlugin)
[2K[1A[2K[G[76%] sealing (chunk optimization SplitChunksPlugin)
[2K[1A[2K[G[76%] sealing (chunk optimization RemoveEmptyChunksPlugin)
[2K[1A[2K[G[76%] sealing (chunk optimization)
[2K[1A[2K[G[76%] sealing (after chunk optimization)
[2K[1A[2K[G[77%] sealing (module and chunk tree optimization)
[2K[1A[2K[G[77%] sealing (module and chunk tree optimization PersistentChildCompilerSinglet
onPlugin)
[2K[1A[2K[1A[2K[G[77%] sealing (module and chunk tree optimization)
[2K[1A[2K[G[78%] sealing (after module and chunk tree optimization)
[2K[1A[2K[G[78%] sealing (chunk modules optimization)
[2K[1A[2K[G[79%] sealing (after chunk modules optimization)
[2K[1A[2K[G[80%] sealing (module reviving)
[2K[1A[2K[G[80%] sealing (module reviving RecordIdsPlugin)
[2K[1A[2K[G[80%] sealing (module reviving)
[2K[1A[2K[G[80%] sealing (before module ids)
[2K[1A[2K[G[81%] sealing (module ids)
[2K[1A[2K[G[81%] sealing (module ids NamedModuleIdsPlugin)
[2K[1A[2K[G[81%] sealing (module ids)
[2K[1A[2K[G[82%] sealing (module id optimization)
[2K[1A[2K[G[82%] sealing (module id optimization)
[2K[1A[2K[G[83%] sealing (chunk reviving)
[2K[1A[2K[G[83%] sealing (chunk reviving RecordIdsPlugin)
[2K[1A[2K[G[83%] sealing (chunk reviving)
[2K[1A[2K[G[83%] sealing (before chunk ids)
[2K[1A[2K[G[84%] sealing (chunk ids)
[2K[1A[2K[G[84%] sealing (chunk ids NamedChunkIdsPlugin)
[2K[1A[2K[G[84%] sealing (chunk ids)
[2K[1A[2K[G[85%] sealing (chunk id optimization)
[2K[1A[2K[G[85%] sealing (after chunk id optimization)
[2K[1A[2K[G[86%] sealing (record modules)
[2K[1A[2K[G[86%] sealing (record modules RecordIdsPlugin)
[2K[1A[2K[G[86%] sealing (record modules)
[2K[1A[2K[G[87%] sealing (record chunks)
[2K[1A[2K[G[87%] sealing (record chunks RecordIdsPlugin)
[2K[1A[2K[G[87%] sealing (record chunks)
[2K[1A[2K[G[87%] sealing (module hashing)
[2K[1A[2K[G[88%] sealing (code generation)
[2K[1A[2K[G[89%] sealing (runtime requirements)
[2K[1A[2K[G[89%] sealing (hashing)
[2K[1A[2K[G[90%] sealing (after hashing)
[2K[1A[2K[G[91%] sealing (record hash)
[2K[1A[2K[G[91%] sealing (module assets processing)
[2K[1A[2K[G[92%] sealing (chunk assets processing)
[2K[1A[2K[G[92%] sealing (asset processing)
[2K[1A[2K[G[92%] sealing (asset processing copy-webpack-plugin)
[2K[1A[2K[G[92%] sealing (asset processing HotModuleReplacementPlugin)
[2K[1A[2K[G[92%] sealing (asset processing PersistentChildCompilerSingletonPlugin)
[2K[1A[2K[G[92%] sealing (asset processing HtmlWebpackPlugin)
[2K[1A[2K[G[92%] sealing (asset processing)
[2K[1A[2K[G[93%] sealing (after asset optimization)
[2K[1A[2K[G[94%] sealing (recording)
[2K[1A[2K[G[94%] sealing (recording HotModuleReplacementPlugin)
[2K[1A[2K[G[94%] sealing (recording)
[2K[1A[2K[G[94%] sealing (after seal)
[2K[1A[2K[G[95%] emitting (emit)
[2K[1A[2K[G[98%] emitting (after emit)
[2K[1A[2K[GBuild finished at 23:25:23 by 0.000s
[2K[1A[2K[GBuild finished at 23:25:23 by 0.000s
[2K[1A[2K[GBuild finished at 23:25:23 by 0.000s
[2K[1A[2K[G DONE  Compiled successfully in 545ms23:25:23

Build finished at 23:25:23 by 0.000s
[2K[1A[2K[G
  App running at:
  - Local:   http://localhost:8083/ 
  - Network: unavailable

Build finished at 23:25:23 by 0.000s
[2K[1A[2K[GBuild finished at 23:25:23 by 0.000s
[2K[1A[2K[GBuild finished at 23:25:23 by 0.000s
[2K[1A[2K[GBuild finished at 23:25:23 by 0.000s
[2K[1A[2K[GBuild finished at 23:25:23 by 0.000s
[2K[1A[2K[GBuild finished at 23:25:23 by 0.000s
[2K[1A[2K[GBuild finished at 23:25:23 by 0.000s
[2K[1A[2K[GBuild finished at 23:25:23 by 0.000s
[2K[1A[2K[G WAIT  Compiling...23:28:31

Compiling...

[2K[1A[2K[G[1%] cache (end idle)
[2K[1A[2K[G[3%] setup (watch run)
[2K[1A[2K[G[3%] setup (watch run webpack-dev-middleware)
[2K[1A[2K[G[3%] setup (watch run)
[2K[1A[2K[G[4%] setup (normal module factory)
[2K[1A[2K[G[4%] setup (normal module factory CaseSensitivePathsPlugin)
[2K[1A[2K[G[4%] setup (normal module factory)
[2K[1A[2K[G[5%] setup (context module factory)
[2K[1A[2K[G[6%] setup (before compile)
[2K[1A[2K[G[6%] setup (before compile ProgressPlugin)
[2K[1A[2K[G[6%] setup (before compile)
[2K[1A[2K[G[7%] setup (compile)
[2K[1A[2K[G[7%] setup (compile ExternalsPlugin)
[2K[1A[2K[G[7%] setup (compile)
[2K[1A[2K[G[8%] setup (compilation)
[2K[1A[2K[G[8%] setup (compilation HtmlWebpackPlugin)
[2K[1A[2K[G[8%] setup (compilation CopyPlugin)
[2K[1A[2K[G[8%] setup (compilation ArrayPushCallbackChunkFormatPlugin)
[2K[1A[2K[G[8%] setup (compilation JsonpChunkLoadingPlugin)
[2K[1A[2K[G[8%] setup (compilation StartupChunkDependenciesPlugin)
[2K[1A[2K[G[8%] setup (compilation ImportScriptsChunkLoadingPlugin)
[2K[1A[2K[G[8%] setup (compilation WorkerPlugin)
[2K[1A[2K[G[8%] setup (compilation SplitChunksPlugin)
[2K[1A[2K[G[8%] setup (compilation ResolverCachePlugin)
[2K[1A[2K[G[8%] setup (compilation)
[2K[1A[2K[G[9%] setup (compilation)
[2K[1A[2K[G[9%] setup (compilation vue-loader-plugin)
[2K[1A[2K[G[9%] setup (compilation DefinePlugin)
[2K[1A[2K[G[9%] setup (compilation ProgressPlugin)
[2K[1A[2K[G[9%] setup (compilation EntryPlugin)
[2K[1A[2K[G[9%] setup (compilation ExternalsPlugin)
[2K[1A[2K[G[9%] setup (compilation ChunkPrefetchPreloadPlugin)
[2K[1A[2K[G[9%] setup (compilation ModuleInfoHeaderPlugin)
[2K[1A[2K[G[9%] setup (compilation EvalSourceMapDevToolPlugin)
[2K[1A[2K[G[9%] setup (compilation JavascriptModulesPlugin)
[2K[1A[2K[G[9%] setup (compilation JsonModulesPlugin)
[2K[1A[2K[G[9%] setup (compilation AssetModulesPlugin)
[2K[1A[2K[G[9%] setup (compilation EntryPlugin)
[2K[1A[2K[G[9%] setup (compilation RuntimePlugin)
[2K[1A[2K[G[9%] setup (compilation InferAsyncModulesPlugin)
[2K[1A[2K[G[9%] setup (compilation DataUriPlugin)
[2K[1A[2K[G[9%] setup (compilation FileUriPlugin)
[2K[1A[2K[G[9%] setup (compilation CompatibilityPlugin)
[2K[1A[2K[G[9%] setup (compilation HarmonyModulesPlugin)
[2K[1A[2K[G[9%] setup (compilation AMDPlugin)
[2K[1A[2K[G[9%] setup (compilation RequireJsStuffPlugin)
[2K[1A[2K[G[9%] setup (compilation CommonJsPlugin)
[2K[1A[2K[G[9%] setup (compilation LoaderPlugin)
[2K[1A[2K[G[9%] setup (compilation NodeStuffPlugin)
[2K[1A[2K[G[9%] setup (compilation APIPlugin)
[2K[1A[2K[G[9%] setup (compilation ExportsInfoApiPlugin)
[2K[1A[2K[G[9%] setup (compilation WebpackIsIncludedPlugin)
[2K[1A[2K[G[9%] setup (compilation ConstPlugin)
[2K[1A[2K[G[9%] setup (compilation UseStrictPlugin)
[2K[1A[2K[G[9%] setup (compilation RequireIncludePlugin)
[2K[1A[2K[G[9%] setup (compilation RequireEnsurePlugin)
[2K[1A[2K[G[9%] setup (compilation RequireContextPlugin)
[2K[1A[2K[G[9%] setup (compilation ImportPlugin)
[2K[1A[2K[G[9%] setup (compilation ImportMetaContextPlugin)
[2K[1A[2K[G[9%] setup (compilation SystemPlugin)
[2K[1A[2K[G[9%] setup (compilation ImportMetaPlugin)
[2K[1A[2K[G[9%] setup (compilation URLPlugin)
[2K[1A[2K[G[9%] setup (compilation DefaultStatsFactoryPlugin)
[2K[1A[2K[G[9%] setup (compilation DefaultStatsPresetPlugin)
[2K[1A[2K[G[9%] setup (compilation DefaultStatsPrinterPlugin)
[2K[1A[2K[G[9%] setup (compilation JavascriptMetaInfoPlugin)
[2K[1A[2K[G[9%] setup (compilation EnsureChunkConditionsPlugin)
[2K[1A[2K[G[9%] setup (compilation RemoveEmptyChunksPlugin)
[2K[1A[2K[G[9%] setup (compilation MergeDuplicateChunksPlugin)
[2K[1A[2K[G[9%] setup (compilation SideEffectsFlagPlugin)
[2K[1A[2K[G[9%] setup (compilation FlagDependencyExportsPlugin)
[2K[1A[2K[G[9%] setup (compilation NamedModuleIdsPlugin)
[2K[1A[2K[G[9%] setup (compilation NamedChunkIdsPlugin)
[2K[1A[2K[G[9%] setup (compilation DefinePlugin)
[2K[1A[2K[G[9%] setup (compilation TemplatedPathPlugin)
[2K[1A[2K[G[9%] setup (compilation RecordIdsPlugin)
[2K[1A[2K[G[9%] setup (compilation WarnCaseSensitiveModulesPlugin)
[2K[1A[2K[G[9%] setup (compilation EntryPlugin)
[2K[1A[2K[G[9%] setup (compilation ProvidePlugin)
[2K[1A[2K[G[9%] setup (compilation HotModuleReplacementPlugin)
[2K[1A[2K[G[9%] setup (compilation ProgressPlugin)
[2K[1A[2K[G[9%] setup (compilation)
[2K[1A[2K[G[10%] building 
[2K[1A[2K[G[10%] building (0/0 modules)
[2K[1A[2K[G[24%] building (14/5 modules)
[2K[1A[2K[G[38%] building (15/5 modules)
[2K[1A[2K[G[51%] building (122/13 modules)
[2K[1A[2K[G[51%] building (import loader @vue/vue-loader-v15/lib/index.js)
[2K[1A[2K[G[51%] building (274/54 modules)
[2K[1A[2K[G[51%] building (import loader babel-loader/lib/index.js)
[2K[1A[2K[G[51%] building (import loader @vue/vue-loader-v15/lib/loaders/templateLoader.js)
[2K[1A[2K[G[51%] building (274/60 modules)
[2K[1A[2K[G[51%] building (import loader css-loader/dist/cjs.js)
[2K[1A[2K[G[51%] building (import loader @vue/vue-loader-v15/lib/loaders/stylePostLoader.js
)
[2K[1A[2K[1A[2K[G[51%] building (import loader postcss-loader/dist/cjs.js)
[2K[1A[2K[G[51%] building (274/63 modules)
[2K[1A[2K[G[65%] building (288/75 modules)
[2K[1A[2K[G[65%] building 
[2K[1A[2K[G[69%] building (finish)
[2K[1A[2K[G[70%] sealing (finish module graph)
[2K[1A[2K[G[70%] sealing (finish module graph ResolverCachePlugin)
[2K[1A[2K[G[70%] sealing (finish module graph InferAsyncModulesPlugin)
[2K[1A[2K[G[70%] sealing (finish module graph FlagDependencyExportsPlugin)
[2K[1A[2K[G[70%] sealing (finish module graph)
[2K[1A[2K[G[71%] sealing (plugins)
[2K[1A[2K[G[71%] sealing (plugins WarnCaseSensitiveModulesPlugin)
[2K[1A[2K[G[71%] sealing (plugins)
[2K[1A[2K[G[71%] sealing (dependencies optimization)
[2K[1A[2K[G[71%] sealing (dependencies optimization SideEffectsFlagPlugin)
[2K[1A[2K[G[71%] sealing (dependencies optimization)
[2K[1A[2K[G[72%] sealing (after dependencies optimization)
[2K[1A[2K[G[73%] sealing (chunk graph)
[2K[1A[2K[G[73%] sealing (after chunk graph)
[2K[1A[2K[G[74%] sealing (optimizing)
[2K[1A[2K[G[74%] sealing (module optimization)
[2K[1A[2K[G[75%] sealing (after module optimization)
[2K[1A[2K[G[76%] sealing (chunk optimization)
[2K[1A[2K[G[76%] sealing (chunk optimization EnsureChunkConditionsPlugin)
[2K[1A[2K[G[76%] sealing (chunk optimization RemoveEmptyChunksPlugin)
[2K[1A[2K[G[76%] sealing (chunk optimization MergeDuplicateChunksPlugin)
[2K[1A[2K[G[76%] sealing (chunk optimization SplitChunksPlugin)
[2K[1A[2K[G[76%] sealing (chunk optimization RemoveEmptyChunksPlugin)
[2K[1A[2K[G[76%] sealing (chunk optimization)
[2K[1A[2K[G[76%] sealing (after chunk optimization)
[2K[1A[2K[G[77%] sealing (module and chunk tree optimization)
[2K[1A[2K[G[77%] sealing (module and chunk tree optimization PersistentChildCompilerSinglet
onPlugin)
[2K[1A[2K[1A[2K[G[77%] sealing (module and chunk tree optimization)
[2K[1A[2K[G[78%] sealing (after module and chunk tree optimization)
[2K[1A[2K[G[78%] sealing (chunk modules optimization)
[2K[1A[2K[G[79%] sealing (after chunk modules optimization)
[2K[1A[2K[G[80%] sealing (module reviving)
[2K[1A[2K[G[80%] sealing (module reviving RecordIdsPlugin)
[2K[1A[2K[G[80%] sealing (module reviving)
[2K[1A[2K[G[80%] sealing (before module ids)
[2K[1A[2K[G[81%] sealing (module ids)
[2K[1A[2K[G[81%] sealing (module ids NamedModuleIdsPlugin)
[2K[1A[2K[G[81%] sealing (module ids)
[2K[1A[2K[G[82%] sealing (module id optimization)
[2K[1A[2K[G[82%] sealing (module id optimization)
[2K[1A[2K[G[83%] sealing (chunk reviving)
[2K[1A[2K[G[83%] sealing (chunk reviving RecordIdsPlugin)
[2K[1A[2K[G[83%] sealing (chunk reviving)
[2K[1A[2K[G[83%] sealing (before chunk ids)
[2K[1A[2K[G[84%] sealing (chunk ids)
[2K[1A[2K[G[84%] sealing (chunk ids NamedChunkIdsPlugin)
[2K[1A[2K[G[84%] sealing (chunk ids)
[2K[1A[2K[G[85%] sealing (chunk id optimization)
[2K[1A[2K[G[85%] sealing (after chunk id optimization)
[2K[1A[2K[G[86%] sealing (record modules)
[2K[1A[2K[G[86%] sealing (record modules RecordIdsPlugin)
[2K[1A[2K[G[86%] sealing (record modules)
[2K[1A[2K[G[87%] sealing (record chunks)
[2K[1A[2K[G[87%] sealing (record chunks RecordIdsPlugin)
[2K[1A[2K[G[87%] sealing (record chunks)
[2K[1A[2K[G[87%] sealing (module hashing)
[2K[1A[2K[G[88%] sealing (code generation)
[2K[1A[2K[G[89%] sealing (runtime requirements)
[2K[1A[2K[G[89%] sealing (hashing)
[2K[1A[2K[G[90%] sealing (after hashing)
[2K[1A[2K[G[91%] sealing (record hash)
[2K[1A[2K[G[91%] sealing (module assets processing)
[2K[1A[2K[G[92%] sealing (chunk assets processing)
[2K[1A[2K[G[92%] sealing (asset processing)
[2K[1A[2K[G[92%] sealing (asset processing copy-webpack-plugin)
[2K[1A[2K[G[92%] sealing (asset processing HotModuleReplacementPlugin)
[2K[1A[2K[G[92%] sealing (asset processing PersistentChildCompilerSingletonPlugin)
[2K[1A[2K[G[92%] sealing (asset processing HtmlWebpackPlugin)
[2K[1A[2K[G[92%] sealing (asset processing)
[2K[1A[2K[G[93%] sealing (after asset optimization)
[2K[1A[2K[G[94%] sealing (recording)
[2K[1A[2K[G[94%] sealing (recording HotModuleReplacementPlugin)
[2K[1A[2K[G[94%] sealing (recording)
[2K[1A[2K[G[94%] sealing (after seal)
[2K[1A[2K[G[95%] emitting (emit)
[2K[1A[2K[G[98%] emitting (after emit)
[2K[1A[2K[GBuild finished at 23:28:31 by 0.000s
[2K[1A[2K[GBuild finished at 23:28:31 by 0.000s
[2K[1A[2K[GBuild finished at 23:28:31 by 0.000s
[2K[1A[2K[G DONE  Compiled successfully in 355ms23:28:31

Build finished at 23:28:31 by 0.000s
[2K[1A[2K[G
  App running at:
  - Local:   http://localhost:8083/ 
  - Network: unavailable

Build finished at 23:28:31 by 0.000s
[2K[1A[2K[GBuild finished at 23:28:31 by 0.000s
[2K[1A[2K[GBuild finished at 23:28:31 by 0.000s
[2K[1A[2K[GBuild finished at 23:28:31 by 0.000s
[2K[1A[2K[GBuild finished at 23:28:31 by 0.000s
[2K[1A[2K[GBuild finished at 23:28:31 by 0.000s
[2K[1A[2K[GBuild finished at 23:28:31 by 0.000s
[2K[1A[2K[GBuild finished at 23:28:31 by 0.000s
[2K[1A[2K[G WAIT  Compiling...23:30:42

Compiling...

[2K[1A[2K[G[1%] cache (end idle)
[2K[1A[2K[G[3%] setup (watch run)
[2K[1A[2K[G[3%] setup (watch run webpack-dev-middleware)
[2K[1A[2K[G[3%] setup (watch run)
[2K[1A[2K[G[4%] setup (normal module factory)
[2K[1A[2K[G[4%] setup (normal module factory CaseSensitivePathsPlugin)
[2K[1A[2K[G[4%] setup (normal module factory)
[2K[1A[2K[G[5%] setup (context module factory)
[2K[1A[2K[G[6%] setup (before compile)
[2K[1A[2K[G[6%] setup (before compile ProgressPlugin)
[2K[1A[2K[G[6%] setup (before compile)
[2K[1A[2K[G[7%] setup (compile)
[2K[1A[2K[G[7%] setup (compile ExternalsPlugin)
[2K[1A[2K[G[7%] setup (compile)
[2K[1A[2K[G[8%] setup (compilation)
[2K[1A[2K[G[8%] setup (compilation HtmlWebpackPlugin)
[2K[1A[2K[G[8%] setup (compilation CopyPlugin)
[2K[1A[2K[G[8%] setup (compilation ArrayPushCallbackChunkFormatPlugin)
[2K[1A[2K[G[8%] setup (compilation JsonpChunkLoadingPlugin)
[2K[1A[2K[G[8%] setup (compilation StartupChunkDependenciesPlugin)
[2K[1A[2K[G[8%] setup (compilation ImportScriptsChunkLoadingPlugin)
[2K[1A[2K[G[8%] setup (compilation WorkerPlugin)
[2K[1A[2K[G[8%] setup (compilation SplitChunksPlugin)
[2K[1A[2K[G[8%] setup (compilation ResolverCachePlugin)
[2K[1A[2K[G[8%] setup (compilation)
[2K[1A[2K[G[9%] setup (compilation)
[2K[1A[2K[G[9%] setup (compilation vue-loader-plugin)
[2K[1A[2K[G[9%] setup (compilation DefinePlugin)
[2K[1A[2K[G[9%] setup (compilation ProgressPlugin)
[2K[1A[2K[G[9%] setup (compilation EntryPlugin)
[2K[1A[2K[G[9%] setup (compilation ExternalsPlugin)
[2K[1A[2K[G[9%] setup (compilation ChunkPrefetchPreloadPlugin)
[2K[1A[2K[G[9%] setup (compilation ModuleInfoHeaderPlugin)
[2K[1A[2K[G[9%] setup (compilation EvalSourceMapDevToolPlugin)
[2K[1A[2K[G[9%] setup (compilation JavascriptModulesPlugin)
[2K[1A[2K[G[9%] setup (compilation JsonModulesPlugin)
[2K[1A[2K[G[9%] setup (compilation AssetModulesPlugin)
[2K[1A[2K[G[9%] setup (compilation EntryPlugin)
[2K[1A[2K[G[9%] setup (compilation RuntimePlugin)
[2K[1A[2K[G[9%] setup (compilation InferAsyncModulesPlugin)
[2K[1A[2K[G[9%] setup (compilation DataUriPlugin)
[2K[1A[2K[G[9%] setup (compilation FileUriPlugin)
[2K[1A[2K[G[9%] setup (compilation CompatibilityPlugin)
[2K[1A[2K[G[9%] setup (compilation HarmonyModulesPlugin)
[2K[1A[2K[G[9%] setup (compilation AMDPlugin)
[2K[1A[2K[G[9%] setup (compilation RequireJsStuffPlugin)
[2K[1A[2K[G[9%] setup (compilation CommonJsPlugin)
[2K[1A[2K[G[9%] setup (compilation LoaderPlugin)
[2K[1A[2K[G[9%] setup (compilation NodeStuffPlugin)
[2K[1A[2K[G[9%] setup (compilation APIPlugin)
[2K[1A[2K[G[9%] setup (compilation ExportsInfoApiPlugin)
[2K[1A[2K[G[9%] setup (compilation WebpackIsIncludedPlugin)
[2K[1A[2K[G[9%] setup (compilation ConstPlugin)
[2K[1A[2K[G[9%] setup (compilation UseStrictPlugin)
[2K[1A[2K[G[9%] setup (compilation RequireIncludePlugin)
[2K[1A[2K[G[9%] setup (compilation RequireEnsurePlugin)
[2K[1A[2K[G[9%] setup (compilation RequireContextPlugin)
[2K[1A[2K[G[9%] setup (compilation ImportPlugin)
[2K[1A[2K[G[9%] setup (compilation ImportMetaContextPlugin)
[2K[1A[2K[G[9%] setup (compilation SystemPlugin)
[2K[1A[2K[G[9%] setup (compilation ImportMetaPlugin)
[2K[1A[2K[G[9%] setup (compilation URLPlugin)
[2K[1A[2K[G[9%] setup (compilation DefaultStatsFactoryPlugin)
[2K[1A[2K[G[9%] setup (compilation DefaultStatsPresetPlugin)
[2K[1A[2K[G[9%] setup (compilation DefaultStatsPrinterPlugin)
[2K[1A[2K[G[9%] setup (compilation JavascriptMetaInfoPlugin)
[2K[1A[2K[G[9%] setup (compilation EnsureChunkConditionsPlugin)
[2K[1A[2K[G[9%] setup (compilation RemoveEmptyChunksPlugin)
[2K[1A[2K[G[9%] setup (compilation MergeDuplicateChunksPlugin)
[2K[1A[2K[G[9%] setup (compilation SideEffectsFlagPlugin)
[2K[1A[2K[G[9%] setup (compilation FlagDependencyExportsPlugin)
[2K[1A[2K[G[9%] setup (compilation NamedModuleIdsPlugin)
[2K[1A[2K[G[9%] setup (compilation NamedChunkIdsPlugin)
[2K[1A[2K[G[9%] setup (compilation DefinePlugin)
[2K[1A[2K[G[9%] setup (compilation TemplatedPathPlugin)
[2K[1A[2K[G[9%] setup (compilation RecordIdsPlugin)
[2K[1A[2K[G[9%] setup (compilation WarnCaseSensitiveModulesPlugin)
[2K[1A[2K[G[9%] setup (compilation EntryPlugin)
[2K[1A[2K[G[9%] setup (compilation ProvidePlugin)
[2K[1A[2K[G[9%] setup (compilation HotModuleReplacementPlugin)
[2K[1A[2K[G[9%] setup (compilation ProgressPlugin)
[2K[1A[2K[G[9%] setup (compilation)
[2K[1A[2K[G[10%] building 
[2K[1A[2K[G[10%] building (0/0 modules)
[2K[1A[2K[G[24%] building (1/4 modules)
[2K[1A[2K[G[38%] building (35/12 modules)
[2K[1A[2K[G[51%] building (72/14 modules)
[2K[1A[2K[G[65%] building (288/61 modules)
[2K[1A[2K[G[65%] building 
[2K[1A[2K[G[69%] building (finish)
[2K[1A[2K[G[70%] sealing (finish module graph)
[2K[1A[2K[G[70%] sealing (finish module graph ResolverCachePlugin)
[2K[1A[2K[G[70%] sealing (finish module graph InferAsyncModulesPlugin)
[2K[1A[2K[G[70%] sealing (finish module graph FlagDependencyExportsPlugin)
[2K[1A[2K[G[70%] sealing (finish module graph)
[2K[1A[2K[G[71%] sealing (plugins)
[2K[1A[2K[G[71%] sealing (plugins WarnCaseSensitiveModulesPlugin)
[2K[1A[2K[G[71%] sealing (plugins)
[2K[1A[2K[G[71%] sealing (dependencies optimization)
[2K[1A[2K[G[71%] sealing (dependencies optimization SideEffectsFlagPlugin)
[2K[1A[2K[G[71%] sealing (dependencies optimization)
[2K[1A[2K[G[72%] sealing (after dependencies optimization)
[2K[1A[2K[G[73%] sealing (chunk graph)
[2K[1A[2K[G[73%] sealing (after chunk graph)
[2K[1A[2K[G[74%] sealing (optimizing)
[2K[1A[2K[G[74%] sealing (module optimization)
[2K[1A[2K[G[75%] sealing (after module optimization)
[2K[1A[2K[G[76%] sealing (chunk optimization)
[2K[1A[2K[G[76%] sealing (chunk optimization EnsureChunkConditionsPlugin)
[2K[1A[2K[G[76%] sealing (chunk optimization RemoveEmptyChunksPlugin)
[2K[1A[2K[G[76%] sealing (chunk optimization MergeDuplicateChunksPlugin)
[2K[1A[2K[G[76%] sealing (chunk optimization SplitChunksPlugin)
[2K[1A[2K[G[76%] sealing (chunk optimization RemoveEmptyChunksPlugin)
[2K[1A[2K[G[76%] sealing (chunk optimization)
[2K[1A[2K[G[76%] sealing (after chunk optimization)
[2K[1A[2K[G[77%] sealing (module and chunk tree optimization)
[2K[1A[2K[G[77%] sealing (module and chunk tree optimization PersistentChildCompilerSinglet
onPlugin)
[2K[1A[2K[1A[2K[G[77%] sealing (module and chunk tree optimization)
[2K[1A[2K[G[78%] sealing (after module and chunk tree optimization)
[2K[1A[2K[G[78%] sealing (chunk modules optimization)
[2K[1A[2K[G[79%] sealing (after chunk modules optimization)
[2K[1A[2K[G[80%] sealing (module reviving)
[2K[1A[2K[G[80%] sealing (module reviving RecordIdsPlugin)
[2K[1A[2K[G[80%] sealing (module reviving)
[2K[1A[2K[G[80%] sealing (before module ids)
[2K[1A[2K[G[81%] sealing (module ids)
[2K[1A[2K[G[81%] sealing (module ids NamedModuleIdsPlugin)
[2K[1A[2K[G[81%] sealing (module ids)
[2K[1A[2K[G[82%] sealing (module id optimization)
[2K[1A[2K[G[82%] sealing (module id optimization)
[2K[1A[2K[G[83%] sealing (chunk reviving)
[2K[1A[2K[G[83%] sealing (chunk reviving RecordIdsPlugin)
[2K[1A[2K[G[83%] sealing (chunk reviving)
[2K[1A[2K[G[83%] sealing (before chunk ids)
[2K[1A[2K[G[84%] sealing (chunk ids)
[2K[1A[2K[G[84%] sealing (chunk ids NamedChunkIdsPlugin)
[2K[1A[2K[G[84%] sealing (chunk ids)
[2K[1A[2K[G[85%] sealing (chunk id optimization)
[2K[1A[2K[G[85%] sealing (after chunk id optimization)
[2K[1A[2K[G[86%] sealing (record modules)
[2K[1A[2K[G[86%] sealing (record modules RecordIdsPlugin)
[2K[1A[2K[G[86%] sealing (record modules)
[2K[1A[2K[G[87%] sealing (record chunks)
[2K[1A[2K[G[87%] sealing (record chunks RecordIdsPlugin)
[2K[1A[2K[G[87%] sealing (record chunks)
[2K[1A[2K[G[87%] sealing (module hashing)
[2K[1A[2K[G[88%] sealing (code generation)
[2K[1A[2K[G[89%] sealing (runtime requirements)
[2K[1A[2K[G[89%] sealing (hashing)
[2K[1A[2K[G[90%] sealing (after hashing)
[2K[1A[2K[G[91%] sealing (record hash)
[2K[1A[2K[G[91%] sealing (module assets processing)
[2K[1A[2K[G[92%] sealing (chunk assets processing)
[2K[1A[2K[G[92%] sealing (asset processing)
[2K[1A[2K[G[92%] sealing (asset processing copy-webpack-plugin)
[2K[1A[2K[G[92%] sealing (asset processing HotModuleReplacementPlugin)
[2K[1A[2K[G[92%] sealing (asset processing PersistentChildCompilerSingletonPlugin)
[2K[1A[2K[G[92%] sealing (asset processing HtmlWebpackPlugin)
[2K[1A[2K[G[92%] sealing (asset processing)
[2K[1A[2K[G[93%] sealing (after asset optimization)
[2K[1A[2K[G[94%] sealing (recording)
[2K[1A[2K[G[94%] sealing (recording HotModuleReplacementPlugin)
[2K[1A[2K[G[94%] sealing (recording)
[2K[1A[2K[G[94%] sealing (after seal)
[2K[1A[2K[G[95%] emitting (emit)
[2K[1A[2K[G[98%] emitting (after emit)
[2K[1A[2K[GBuild finished at 23:30:42 by 0.000s
[2K[1A[2K[GBuild finished at 23:30:42 by 0.000s
[2K[1A[2K[GBuild finished at 23:30:42 by 0.000s
[2K[1A[2K[G DONE  Compiled successfully in 214ms23:30:42

Build finished at 23:30:42 by 0.000s
[2K[1A[2K[G
  App running at:
  - Local:   http://localhost:8083/ 
  - Network: unavailable

Build finished at 23:30:42 by 0.000s
[2K[1A[2K[GBuild finished at 23:30:42 by 0.000s
[2K[1A[2K[GBuild finished at 23:30:42 by 0.000s
[2K[1A[2K[GBuild finished at 23:30:42 by 0.000s
[2K[1A[2K[GBuild finished at 23:30:42 by 0.000s
[2K[1A[2K[GBuild finished at 23:30:42 by 0.000s
[2K[1A[2K[GBuild finished at 23:30:42 by 0.000s
[2K[1A[2K[GBuild finished at 23:30:42 by 0.000s
[2K[1A[2K[G WAIT  Compiling...23:30:54

Compiling...

[2K[1A[2K[G[1%] cache (end idle)
[2K[1A[2K[G[3%] setup (watch run)
[2K[1A[2K[G[3%] setup (watch run webpack-dev-middleware)
[2K[1A[2K[G[3%] setup (watch run)
[2K[1A[2K[G[4%] setup (normal module factory)
[2K[1A[2K[G[4%] setup (normal module factory CaseSensitivePathsPlugin)
[2K[1A[2K[G[4%] setup (normal module factory)
[2K[1A[2K[G[5%] setup (context module factory)
[2K[1A[2K[G[6%] setup (before compile)
[2K[1A[2K[G[6%] setup (before compile ProgressPlugin)
[2K[1A[2K[G[6%] setup (before compile)
[2K[1A[2K[G[7%] setup (compile)
[2K[1A[2K[G[7%] setup (compile ExternalsPlugin)
[2K[1A[2K[G[7%] setup (compile)
[2K[1A[2K[G[8%] setup (compilation)
[2K[1A[2K[G[8%] setup (compilation HtmlWebpackPlugin)
[2K[1A[2K[G[8%] setup (compilation CopyPlugin)
[2K[1A[2K[G[8%] setup (compilation ArrayPushCallbackChunkFormatPlugin)
[2K[1A[2K[G[8%] setup (compilation JsonpChunkLoadingPlugin)
[2K[1A[2K[G[8%] setup (compilation StartupChunkDependenciesPlugin)
[2K[1A[2K[G[8%] setup (compilation ImportScriptsChunkLoadingPlugin)
[2K[1A[2K[G[8%] setup (compilation WorkerPlugin)
[2K[1A[2K[G[8%] setup (compilation SplitChunksPlugin)
[2K[1A[2K[G[8%] setup (compilation ResolverCachePlugin)
[2K[1A[2K[G[8%] setup (compilation)
[2K[1A[2K[G[9%] setup (compilation)
[2K[1A[2K[G[9%] setup (compilation vue-loader-plugin)
[2K[1A[2K[G[9%] setup (compilation DefinePlugin)
[2K[1A[2K[G[9%] setup (compilation ProgressPlugin)
[2K[1A[2K[G[9%] setup (compilation EntryPlugin)
[2K[1A[2K[G[9%] setup (compilation ExternalsPlugin)
[2K[1A[2K[G[9%] setup (compilation ChunkPrefetchPreloadPlugin)
[2K[1A[2K[G[9%] setup (compilation ModuleInfoHeaderPlugin)
[2K[1A[2K[G[9%] setup (compilation EvalSourceMapDevToolPlugin)
[2K[1A[2K[G[9%] setup (compilation JavascriptModulesPlugin)
[2K[1A[2K[G[9%] setup (compilation JsonModulesPlugin)
[2K[1A[2K[G[9%] setup (compilation AssetModulesPlugin)
[2K[1A[2K[G[9%] setup (compilation EntryPlugin)
[2K[1A[2K[G[9%] setup (compilation RuntimePlugin)
[2K[1A[2K[G[9%] setup (compilation InferAsyncModulesPlugin)
[2K[1A[2K[G[9%] setup (compilation DataUriPlugin)
[2K[1A[2K[G[9%] setup (compilation FileUriPlugin)
[2K[1A[2K[G[9%] setup (compilation CompatibilityPlugin)
[2K[1A[2K[G[9%] setup (compilation HarmonyModulesPlugin)
[2K[1A[2K[G[9%] setup (compilation AMDPlugin)
[2K[1A[2K[G[9%] setup (compilation RequireJsStuffPlugin)
[2K[1A[2K[G[9%] setup (compilation CommonJsPlugin)
[2K[1A[2K[G[9%] setup (compilation LoaderPlugin)
[2K[1A[2K[G[9%] setup (compilation NodeStuffPlugin)
[2K[1A[2K[G[9%] setup (compilation APIPlugin)
[2K[1A[2K[G[9%] setup (compilation ExportsInfoApiPlugin)
[2K[1A[2K[G[9%] setup (compilation WebpackIsIncludedPlugin)
[2K[1A[2K[G[9%] setup (compilation ConstPlugin)
[2K[1A[2K[G[9%] setup (compilation UseStrictPlugin)
[2K[1A[2K[G[9%] setup (compilation RequireIncludePlugin)
[2K[1A[2K[G[9%] setup (compilation RequireEnsurePlugin)
[2K[1A[2K[G[9%] setup (compilation RequireContextPlugin)
[2K[1A[2K[G[9%] setup (compilation ImportPlugin)
[2K[1A[2K[G[9%] setup (compilation ImportMetaContextPlugin)
[2K[1A[2K[G[9%] setup (compilation SystemPlugin)
[2K[1A[2K[G[9%] setup (compilation ImportMetaPlugin)
[2K[1A[2K[G[9%] setup (compilation URLPlugin)
[2K[1A[2K[G[9%] setup (compilation DefaultStatsFactoryPlugin)
[2K[1A[2K[G[9%] setup (compilation DefaultStatsPresetPlugin)
[2K[1A[2K[G[9%] setup (compilation DefaultStatsPrinterPlugin)
[2K[1A[2K[G[9%] setup (compilation JavascriptMetaInfoPlugin)
[2K[1A[2K[G[9%] setup (compilation EnsureChunkConditionsPlugin)
[2K[1A[2K[G[9%] setup (compilation RemoveEmptyChunksPlugin)
[2K[1A[2K[G[9%] setup (compilation MergeDuplicateChunksPlugin)
[2K[1A[2K[G[9%] setup (compilation SideEffectsFlagPlugin)
[2K[1A[2K[G[9%] setup (compilation FlagDependencyExportsPlugin)
[2K[1A[2K[G[9%] setup (compilation NamedModuleIdsPlugin)
[2K[1A[2K[G[9%] setup (compilation NamedChunkIdsPlugin)
[2K[1A[2K[G[9%] setup (compilation DefinePlugin)
[2K[1A[2K[G[9%] setup (compilation TemplatedPathPlugin)
[2K[1A[2K[G[9%] setup (compilation RecordIdsPlugin)
[2K[1A[2K[G[9%] setup (compilation WarnCaseSensitiveModulesPlugin)
[2K[1A[2K[G[9%] setup (compilation EntryPlugin)
[2K[1A[2K[G[9%] setup (compilation ProvidePlugin)
[2K[1A[2K[G[9%] setup (compilation HotModuleReplacementPlugin)
[2K[1A[2K[G[9%] setup (compilation ProgressPlugin)
[2K[1A[2K[G[9%] setup (compilation)
[2K[1A[2K[G[10%] building 
[2K[1A[2K[G[10%] building (0/0 modules)
[2K[1A[2K[G[24%] building (1/4 modules)
[2K[1A[2K[G[38%] building (16/6 modules)
[2K[1A[2K[G[51%] building (122/9 modules)
[2K[1A[2K[G[65%] building (288/61 modules)
[2K[1A[2K[G[65%] building 
[2K[1A[2K[G[69%] building (finish)
[2K[1A[2K[G[70%] sealing (finish module graph)
[2K[1A[2K[G[70%] sealing (finish module graph ResolverCachePlugin)
[2K[1A[2K[G[70%] sealing (finish module graph InferAsyncModulesPlugin)
[2K[1A[2K[G[70%] sealing (finish module graph FlagDependencyExportsPlugin)
[2K[1A[2K[G[70%] sealing (finish module graph)
[2K[1A[2K[G[71%] sealing (plugins)
[2K[1A[2K[G[71%] sealing (plugins WarnCaseSensitiveModulesPlugin)
[2K[1A[2K[G[71%] sealing (plugins)
[2K[1A[2K[G[71%] sealing (dependencies optimization)
[2K[1A[2K[G[71%] sealing (dependencies optimization SideEffectsFlagPlugin)
[2K[1A[2K[G[71%] sealing (dependencies optimization)
[2K[1A[2K[G[72%] sealing (after dependencies optimization)
[2K[1A[2K[G[73%] sealing (chunk graph)
[2K[1A[2K[G[73%] sealing (after chunk graph)
[2K[1A[2K[G[74%] sealing (optimizing)
[2K[1A[2K[G[74%] sealing (module optimization)
[2K[1A[2K[G[75%] sealing (after module optimization)
[2K[1A[2K[G[76%] sealing (chunk optimization)
[2K[1A[2K[G[76%] sealing (chunk optimization EnsureChunkConditionsPlugin)
[2K[1A[2K[G[76%] sealing (chunk optimization RemoveEmptyChunksPlugin)
[2K[1A[2K[G[76%] sealing (chunk optimization MergeDuplicateChunksPlugin)
[2K[1A[2K[G[76%] sealing (chunk optimization SplitChunksPlugin)
[2K[1A[2K[G[76%] sealing (chunk optimization RemoveEmptyChunksPlugin)
[2K[1A[2K[G[76%] sealing (chunk optimization)
[2K[1A[2K[G[76%] sealing (after chunk optimization)
[2K[1A[2K[G[77%] sealing (module and chunk tree optimization)
[2K[1A[2K[G[77%] sealing (module and chunk tree optimization PersistentChildCompilerSinglet
onPlugin)
[2K[1A[2K[1A[2K[G[77%] sealing (module and chunk tree optimization)
[2K[1A[2K[G[78%] sealing (after module and chunk tree optimization)
[2K[1A[2K[G[78%] sealing (chunk modules optimization)
[2K[1A[2K[G[79%] sealing (after chunk modules optimization)
[2K[1A[2K[G[80%] sealing (module reviving)
[2K[1A[2K[G[80%] sealing (module reviving RecordIdsPlugin)
[2K[1A[2K[G[80%] sealing (module reviving)
[2K[1A[2K[G[80%] sealing (before module ids)
[2K[1A[2K[G[81%] sealing (module ids)
[2K[1A[2K[G[81%] sealing (module ids NamedModuleIdsPlugin)
[2K[1A[2K[G[81%] sealing (module ids)
[2K[1A[2K[G[82%] sealing (module id optimization)
[2K[1A[2K[G[82%] sealing (module id optimization)
[2K[1A[2K[G[83%] sealing (chunk reviving)
[2K[1A[2K[G[83%] sealing (chunk reviving RecordIdsPlugin)
[2K[1A[2K[G[83%] sealing (chunk reviving)
[2K[1A[2K[G[83%] sealing (before chunk ids)
[2K[1A[2K[G[84%] sealing (chunk ids)
[2K[1A[2K[G[84%] sealing (chunk ids NamedChunkIdsPlugin)
[2K[1A[2K[G[84%] sealing (chunk ids)
[2K[1A[2K[G[85%] sealing (chunk id optimization)
[2K[1A[2K[G[85%] sealing (after chunk id optimization)
[2K[1A[2K[G[86%] sealing (record modules)
[2K[1A[2K[G[86%] sealing (record modules RecordIdsPlugin)
[2K[1A[2K[G[86%] sealing (record modules)
[2K[1A[2K[G[87%] sealing (record chunks)
[2K[1A[2K[G[87%] sealing (record chunks RecordIdsPlugin)
[2K[1A[2K[G[87%] sealing (record chunks)
[2K[1A[2K[G[87%] sealing (module hashing)
[2K[1A[2K[G[88%] sealing (code generation)
[2K[1A[2K[G[89%] sealing (runtime requirements)
[2K[1A[2K[G[89%] sealing (hashing)
[2K[1A[2K[G[90%] sealing (after hashing)
[2K[1A[2K[G[91%] sealing (record hash)
[2K[1A[2K[G[91%] sealing (module assets processing)
[2K[1A[2K[G[92%] sealing (chunk assets processing)
[2K[1A[2K[G[92%] sealing (asset processing)
[2K[1A[2K[G[92%] sealing (asset processing copy-webpack-plugin)
[2K[1A[2K[G[92%] sealing (asset processing HotModuleReplacementPlugin)
[2K[1A[2K[G[92%] sealing (asset processing PersistentChildCompilerSingletonPlugin)
[2K[1A[2K[G[92%] sealing (asset processing HtmlWebpackPlugin)
[2K[1A[2K[G[92%] sealing (asset processing)
[2K[1A[2K[G[93%] sealing (after asset optimization)
[2K[1A[2K[G[94%] sealing (recording)
[2K[1A[2K[G[94%] sealing (recording HotModuleReplacementPlugin)
[2K[1A[2K[G[94%] sealing (recording)
[2K[1A[2K[G[94%] sealing (after seal)
[2K[1A[2K[G[95%] emitting (emit)
[2K[1A[2K[G[98%] emitting (after emit)
[2K[1A[2K[GBuild finished at 23:30:55 by 0.000s
[2K[1A[2K[GBuild finished at 23:30:55 by 0.000s
[2K[1A[2K[GBuild finished at 23:30:55 by 0.000s
[2K[1A[2K[G DONE  Compiled successfully in 223ms23:30:55

Build finished at 23:30:55 by 0.000s
[2K[1A[2K[G
  App running at:
  - Local:   http://localhost:8083/ 
  - Network: unavailable

Build finished at 23:30:55 by 0.000s
[2K[1A[2K[GBuild finished at 23:30:55 by 0.000s
[2K[1A[2K[GBuild finished at 23:30:55 by 0.000s
[2K[1A[2K[GBuild finished at 23:30:55 by 0.000s
[2K[1A[2K[GBuild finished at 23:30:55 by 0.000s
[2K[1A[2K[GBuild finished at 23:30:55 by 0.000s
[2K[1A[2K[GBuild finished at 23:30:55 by 0.000s
[2K[1A[2K[GBuild finished at 23:30:55 by 0.000s
[2K[1A[2K[G WAIT  Compiling...23:31:07

Compiling...

[2K[1A[2K[G[1%] cache (end idle)
[2K[1A[2K[G[3%] setup (watch run)
[2K[1A[2K[G[3%] setup (watch run webpack-dev-middleware)
[2K[1A[2K[G[3%] setup (watch run)
[2K[1A[2K[G[4%] setup (normal module factory)
[2K[1A[2K[G[4%] setup (normal module factory CaseSensitivePathsPlugin)
[2K[1A[2K[G[4%] setup (normal module factory)
[2K[1A[2K[G[5%] setup (context module factory)
[2K[1A[2K[G[6%] setup (before compile)
[2K[1A[2K[G[6%] setup (before compile ProgressPlugin)
[2K[1A[2K[G[6%] setup (before compile)
[2K[1A[2K[G[7%] setup (compile)
[2K[1A[2K[G[7%] setup (compile ExternalsPlugin)
[2K[1A[2K[G[7%] setup (compile)
[2K[1A[2K[G[8%] setup (compilation)
[2K[1A[2K[G[8%] setup (compilation HtmlWebpackPlugin)
[2K[1A[2K[G[8%] setup (compilation CopyPlugin)
[2K[1A[2K[G[8%] setup (compilation ArrayPushCallbackChunkFormatPlugin)
[2K[1A[2K[G[8%] setup (compilation JsonpChunkLoadingPlugin)
[2K[1A[2K[G[8%] setup (compilation StartupChunkDependenciesPlugin)
[2K[1A[2K[G[8%] setup (compilation ImportScriptsChunkLoadingPlugin)
[2K[1A[2K[G[8%] setup (compilation WorkerPlugin)
[2K[1A[2K[G[8%] setup (compilation SplitChunksPlugin)
[2K[1A[2K[G[8%] setup (compilation ResolverCachePlugin)
[2K[1A[2K[G[8%] setup (compilation)
[2K[1A[2K[G[9%] setup (compilation)
[2K[1A[2K[G[9%] setup (compilation vue-loader-plugin)
[2K[1A[2K[G[9%] setup (compilation DefinePlugin)
[2K[1A[2K[G[9%] setup (compilation ProgressPlugin)
[2K[1A[2K[G[9%] setup (compilation EntryPlugin)
[2K[1A[2K[G[9%] setup (compilation ExternalsPlugin)
[2K[1A[2K[G[9%] setup (compilation ChunkPrefetchPreloadPlugin)
[2K[1A[2K[G[9%] setup (compilation ModuleInfoHeaderPlugin)
[2K[1A[2K[G[9%] setup (compilation EvalSourceMapDevToolPlugin)
[2K[1A[2K[G[9%] setup (compilation JavascriptModulesPlugin)
[2K[1A[2K[G[9%] setup (compilation JsonModulesPlugin)
[2K[1A[2K[G[9%] setup (compilation AssetModulesPlugin)
[2K[1A[2K[G[9%] setup (compilation EntryPlugin)
[2K[1A[2K[G[9%] setup (compilation RuntimePlugin)
[2K[1A[2K[G[9%] setup (compilation InferAsyncModulesPlugin)
[2K[1A[2K[G[9%] setup (compilation DataUriPlugin)
[2K[1A[2K[G[9%] setup (compilation FileUriPlugin)
[2K[1A[2K[G[9%] setup (compilation CompatibilityPlugin)
[2K[1A[2K[G[9%] setup (compilation HarmonyModulesPlugin)
[2K[1A[2K[G[9%] setup (compilation AMDPlugin)
[2K[1A[2K[G[9%] setup (compilation RequireJsStuffPlugin)
[2K[1A[2K[G[9%] setup (compilation CommonJsPlugin)
[2K[1A[2K[G[9%] setup (compilation LoaderPlugin)
[2K[1A[2K[G[9%] setup (compilation NodeStuffPlugin)
[2K[1A[2K[G[9%] setup (compilation APIPlugin)
[2K[1A[2K[G[9%] setup (compilation ExportsInfoApiPlugin)
[2K[1A[2K[G[9%] setup (compilation WebpackIsIncludedPlugin)
[2K[1A[2K[G[9%] setup (compilation ConstPlugin)
[2K[1A[2K[G[9%] setup (compilation UseStrictPlugin)
[2K[1A[2K[G[9%] setup (compilation RequireIncludePlugin)
[2K[1A[2K[G[9%] setup (compilation RequireEnsurePlugin)
[2K[1A[2K[G[9%] setup (compilation RequireContextPlugin)
[2K[1A[2K[G[9%] setup (compilation ImportPlugin)
[2K[1A[2K[G[9%] setup (compilation ImportMetaContextPlugin)
[2K[1A[2K[G[9%] setup (compilation SystemPlugin)
[2K[1A[2K[G[9%] setup (compilation ImportMetaPlugin)
[2K[1A[2K[G[9%] setup (compilation URLPlugin)
[2K[1A[2K[G[9%] setup (compilation DefaultStatsFactoryPlugin)
[2K[1A[2K[G[9%] setup (compilation DefaultStatsPresetPlugin)
[2K[1A[2K[G[9%] setup (compilation DefaultStatsPrinterPlugin)
[2K[1A[2K[G[9%] setup (compilation JavascriptMetaInfoPlugin)
[2K[1A[2K[G[9%] setup (compilation EnsureChunkConditionsPlugin)
[2K[1A[2K[G[9%] setup (compilation RemoveEmptyChunksPlugin)
[2K[1A[2K[G[9%] setup (compilation MergeDuplicateChunksPlugin)
[2K[1A[2K[G[9%] setup (compilation SideEffectsFlagPlugin)
[2K[1A[2K[G[9%] setup (compilation FlagDependencyExportsPlugin)
[2K[1A[2K[G[9%] setup (compilation NamedModuleIdsPlugin)
[2K[1A[2K[G[9%] setup (compilation NamedChunkIdsPlugin)
[2K[1A[2K[G[9%] setup (compilation DefinePlugin)
[2K[1A[2K[G[9%] setup (compilation TemplatedPathPlugin)
[2K[1A[2K[G[9%] setup (compilation RecordIdsPlugin)
[2K[1A[2K[G[9%] setup (compilation WarnCaseSensitiveModulesPlugin)
[2K[1A[2K[G[9%] setup (compilation EntryPlugin)
[2K[1A[2K[G[9%] setup (compilation ProvidePlugin)
[2K[1A[2K[G[9%] setup (compilation HotModuleReplacementPlugin)
[2K[1A[2K[G[9%] setup (compilation ProgressPlugin)
[2K[1A[2K[G[9%] setup (compilation)
[2K[1A[2K[G[10%] building 
[2K[1A[2K[G[10%] building (0/0 modules)
[2K[1A[2K[G[24%] building (15/6 modules)
[2K[1A[2K[G[38%] building (114/9 modules)
[2K[1A[2K[G[51%] building (144/17 modules)
[2K[1A[2K[G[65%] building (288/61 modules)
[2K[1A[2K[G[65%] building 
[2K[1A[2K[G[69%] building (finish)
[2K[1A[2K[G[70%] sealing (finish module graph)
[2K[1A[2K[G[70%] sealing (finish module graph ResolverCachePlugin)
[2K[1A[2K[G[70%] sealing (finish module graph InferAsyncModulesPlugin)
[2K[1A[2K[G[70%] sealing (finish module graph FlagDependencyExportsPlugin)
[2K[1A[2K[G[70%] sealing (finish module graph)
[2K[1A[2K[G[71%] sealing (plugins)
[2K[1A[2K[G[71%] sealing (plugins WarnCaseSensitiveModulesPlugin)
[2K[1A[2K[G[71%] sealing (plugins)
[2K[1A[2K[G[71%] sealing (dependencies optimization)
[2K[1A[2K[G[71%] sealing (dependencies optimization SideEffectsFlagPlugin)
[2K[1A[2K[G[71%] sealing (dependencies optimization)
[2K[1A[2K[G[72%] sealing (after dependencies optimization)
[2K[1A[2K[G[73%] sealing (chunk graph)
[2K[1A[2K[G[73%] sealing (after chunk graph)
[2K[1A[2K[G[74%] sealing (optimizing)
[2K[1A[2K[G[74%] sealing (module optimization)
[2K[1A[2K[G[75%] sealing (after module optimization)
[2K[1A[2K[G[76%] sealing (chunk optimization)
[2K[1A[2K[G[76%] sealing (chunk optimization EnsureChunkConditionsPlugin)
[2K[1A[2K[G[76%] sealing (chunk optimization RemoveEmptyChunksPlugin)
[2K[1A[2K[G[76%] sealing (chunk optimization MergeDuplicateChunksPlugin)
[2K[1A[2K[G[76%] sealing (chunk optimization SplitChunksPlugin)
[2K[1A[2K[G[76%] sealing (chunk optimization RemoveEmptyChunksPlugin)
[2K[1A[2K[G[76%] sealing (chunk optimization)
[2K[1A[2K[G[76%] sealing (after chunk optimization)
[2K[1A[2K[G[77%] sealing (module and chunk tree optimization)
[2K[1A[2K[G[77%] sealing (module and chunk tree optimization PersistentChildCompilerSinglet
onPlugin)
[2K[1A[2K[1A[2K[G[77%] sealing (module and chunk tree optimization)
[2K[1A[2K[G[78%] sealing (after module and chunk tree optimization)
[2K[1A[2K[G[78%] sealing (chunk modules optimization)
[2K[1A[2K[G[79%] sealing (after chunk modules optimization)
[2K[1A[2K[G[80%] sealing (module reviving)
[2K[1A[2K[G[80%] sealing (module reviving RecordIdsPlugin)
[2K[1A[2K[G[80%] sealing (module reviving)
[2K[1A[2K[G[80%] sealing (before module ids)
[2K[1A[2K[G[81%] sealing (module ids)
[2K[1A[2K[G[81%] sealing (module ids NamedModuleIdsPlugin)
[2K[1A[2K[G[81%] sealing (module ids)
[2K[1A[2K[G[82%] sealing (module id optimization)
[2K[1A[2K[G[82%] sealing (module id optimization)
[2K[1A[2K[G[83%] sealing (chunk reviving)
[2K[1A[2K[G[83%] sealing (chunk reviving RecordIdsPlugin)
[2K[1A[2K[G[83%] sealing (chunk reviving)
[2K[1A[2K[G[83%] sealing (before chunk ids)
[2K[1A[2K[G[84%] sealing (chunk ids)
[2K[1A[2K[G[84%] sealing (chunk ids NamedChunkIdsPlugin)
[2K[1A[2K[G[84%] sealing (chunk ids)
[2K[1A[2K[G[85%] sealing (chunk id optimization)
[2K[1A[2K[G[85%] sealing (after chunk id optimization)
[2K[1A[2K[G[86%] sealing (record modules)
[2K[1A[2K[G[86%] sealing (record modules RecordIdsPlugin)
[2K[1A[2K[G[86%] sealing (record modules)
[2K[1A[2K[G[87%] sealing (record chunks)
[2K[1A[2K[G[87%] sealing (record chunks RecordIdsPlugin)
[2K[1A[2K[G[87%] sealing (record chunks)
[2K[1A[2K[G[87%] sealing (module hashing)
[2K[1A[2K[G[88%] sealing (code generation)
[2K[1A[2K[G[89%] sealing (runtime requirements)
[2K[1A[2K[G[89%] sealing (hashing)
[2K[1A[2K[G[90%] sealing (after hashing)
[2K[1A[2K[G[91%] sealing (record hash)
[2K[1A[2K[G[91%] sealing (module assets processing)
[2K[1A[2K[G[92%] sealing (chunk assets processing)
[2K[1A[2K[G[92%] sealing (asset processing)
[2K[1A[2K[G[92%] sealing (asset processing copy-webpack-plugin)
[2K[1A[2K[G[92%] sealing (asset processing HotModuleReplacementPlugin)
[2K[1A[2K[G[92%] sealing (asset processing PersistentChildCompilerSingletonPlugin)
[2K[1A[2K[G[92%] sealing (asset processing HtmlWebpackPlugin)
[2K[1A[2K[G[92%] sealing (asset processing)
[2K[1A[2K[G[93%] sealing (after asset optimization)
[2K[1A[2K[G[94%] sealing (recording)
[2K[1A[2K[G[94%] sealing (recording HotModuleReplacementPlugin)
[2K[1A[2K[G[94%] sealing (recording)
[2K[1A[2K[G[94%] sealing (after seal)
[2K[1A[2K[G[95%] emitting (emit)
[2K[1A[2K[G[98%] emitting (after emit)
[2K[1A[2K[GBuild finished at 23:31:07 by 0.000s
[2K[1A[2K[GBuild finished at 23:31:07 by 0.000s
[2K[1A[2K[GBuild finished at 23:31:07 by 0.000s
[2K[1A[2K[G DONE  Compiled successfully in 196ms23:31:07

Build finished at 23:31:07 by 0.000s
[2K[1A[2K[G
  App running at:
  - Local:   http://localhost:8083/ 
  - Network: unavailable

Build finished at 23:31:07 by 0.000s
[2K[1A[2K[GBuild finished at 23:31:07 by 0.000s
[2K[1A[2K[GBuild finished at 23:31:07 by 0.000s
[2K[1A[2K[GBuild finished at 23:31:07 by 0.000s
[2K[1A[2K[GBuild finished at 23:31:07 by 0.000s
[2K[1A[2K[GBuild finished at 23:31:07 by 0.000s
[2K[1A[2K[GBuild finished at 23:31:07 by 0.000s
[2K[1A[2K[GBuild finished at 23:31:07 by 0.000s
[2K[1A[2K[G WAIT  Compiling...23:34:34

Compiling...

[2K[1A[2K[G[1%] cache (end idle)
[2K[1A[2K[G[3%] setup (watch run)
[2K[1A[2K[G[3%] setup (watch run webpack-dev-middleware)
[2K[1A[2K[G[3%] setup (watch run)
[2K[1A[2K[G[4%] setup (normal module factory)
[2K[1A[2K[G[4%] setup (normal module factory CaseSensitivePathsPlugin)
[2K[1A[2K[G[4%] setup (normal module factory)
[2K[1A[2K[G[5%] setup (context module factory)
[2K[1A[2K[G[6%] setup (before compile)
[2K[1A[2K[G[6%] setup (before compile ProgressPlugin)
[2K[1A[2K[G[6%] setup (before compile)
[2K[1A[2K[G[7%] setup (compile)
[2K[1A[2K[G[7%] setup (compile ExternalsPlugin)
[2K[1A[2K[G[7%] setup (compile)
[2K[1A[2K[G[8%] setup (compilation)
[2K[1A[2K[G[8%] setup (compilation HtmlWebpackPlugin)
[2K[1A[2K[G[8%] setup (compilation CopyPlugin)
[2K[1A[2K[G[8%] setup (compilation ArrayPushCallbackChunkFormatPlugin)
[2K[1A[2K[G[8%] setup (compilation JsonpChunkLoadingPlugin)
[2K[1A[2K[G[8%] setup (compilation StartupChunkDependenciesPlugin)
[2K[1A[2K[G[8%] setup (compilation ImportScriptsChunkLoadingPlugin)
[2K[1A[2K[G[8%] setup (compilation WorkerPlugin)
[2K[1A[2K[G[8%] setup (compilation SplitChunksPlugin)
[2K[1A[2K[G[8%] setup (compilation ResolverCachePlugin)
[2K[1A[2K[G[8%] setup (compilation)
[2K[1A[2K[G[9%] setup (compilation)
[2K[1A[2K[G[9%] setup (compilation vue-loader-plugin)
[2K[1A[2K[G[9%] setup (compilation DefinePlugin)
[2K[1A[2K[G[9%] setup (compilation ProgressPlugin)
[2K[1A[2K[G[9%] setup (compilation EntryPlugin)
[2K[1A[2K[G[9%] setup (compilation ExternalsPlugin)
[2K[1A[2K[G[9%] setup (compilation ChunkPrefetchPreloadPlugin)
[2K[1A[2K[G[9%] setup (compilation ModuleInfoHeaderPlugin)
[2K[1A[2K[G[9%] setup (compilation EvalSourceMapDevToolPlugin)
[2K[1A[2K[G[9%] setup (compilation JavascriptModulesPlugin)
[2K[1A[2K[G[9%] setup (compilation JsonModulesPlugin)
[2K[1A[2K[G[9%] setup (compilation AssetModulesPlugin)
[2K[1A[2K[G[9%] setup (compilation EntryPlugin)
[2K[1A[2K[G[9%] setup (compilation RuntimePlugin)
[2K[1A[2K[G[9%] setup (compilation InferAsyncModulesPlugin)
[2K[1A[2K[G[9%] setup (compilation DataUriPlugin)
[2K[1A[2K[G[9%] setup (compilation FileUriPlugin)
[2K[1A[2K[G[9%] setup (compilation CompatibilityPlugin)
[2K[1A[2K[G[9%] setup (compilation HarmonyModulesPlugin)
[2K[1A[2K[G[9%] setup (compilation AMDPlugin)
[2K[1A[2K[G[9%] setup (compilation RequireJsStuffPlugin)
[2K[1A[2K[G[9%] setup (compilation CommonJsPlugin)
[2K[1A[2K[G[9%] setup (compilation LoaderPlugin)
[2K[1A[2K[G[9%] setup (compilation NodeStuffPlugin)
[2K[1A[2K[G[9%] setup (compilation APIPlugin)
[2K[1A[2K[G[9%] setup (compilation ExportsInfoApiPlugin)
[2K[1A[2K[G[9%] setup (compilation WebpackIsIncludedPlugin)
[2K[1A[2K[G[9%] setup (compilation ConstPlugin)
[2K[1A[2K[G[9%] setup (compilation UseStrictPlugin)
[2K[1A[2K[G[9%] setup (compilation RequireIncludePlugin)
[2K[1A[2K[G[9%] setup (compilation RequireEnsurePlugin)
[2K[1A[2K[G[9%] setup (compilation RequireContextPlugin)
[2K[1A[2K[G[9%] setup (compilation ImportPlugin)
[2K[1A[2K[G[9%] setup (compilation ImportMetaContextPlugin)
[2K[1A[2K[G[9%] setup (compilation SystemPlugin)
[2K[1A[2K[G[9%] setup (compilation ImportMetaPlugin)
[2K[1A[2K[G[9%] setup (compilation URLPlugin)
[2K[1A[2K[G[9%] setup (compilation DefaultStatsFactoryPlugin)
[2K[1A[2K[G[9%] setup (compilation DefaultStatsPresetPlugin)
[2K[1A[2K[G[9%] setup (compilation DefaultStatsPrinterPlugin)
[2K[1A[2K[G[9%] setup (compilation JavascriptMetaInfoPlugin)
[2K[1A[2K[G[9%] setup (compilation EnsureChunkConditionsPlugin)
[2K[1A[2K[G[9%] setup (compilation RemoveEmptyChunksPlugin)
[2K[1A[2K[G[9%] setup (compilation MergeDuplicateChunksPlugin)
[2K[1A[2K[G[9%] setup (compilation SideEffectsFlagPlugin)
[2K[1A[2K[G[9%] setup (compilation FlagDependencyExportsPlugin)
[2K[1A[2K[G[9%] setup (compilation NamedModuleIdsPlugin)
[2K[1A[2K[G[9%] setup (compilation NamedChunkIdsPlugin)
[2K[1A[2K[G[9%] setup (compilation DefinePlugin)
[2K[1A[2K[G[9%] setup (compilation TemplatedPathPlugin)
[2K[1A[2K[G[9%] setup (compilation RecordIdsPlugin)
[2K[1A[2K[G[9%] setup (compilation WarnCaseSensitiveModulesPlugin)
[2K[1A[2K[G[9%] setup (compilation EntryPlugin)
[2K[1A[2K[G[9%] setup (compilation ProvidePlugin)
[2K[1A[2K[G[9%] setup (compilation HotModuleReplacementPlugin)
[2K[1A[2K[G[9%] setup (compilation ProgressPlugin)
[2K[1A[2K[G[9%] setup (compilation)
[2K[1A[2K[G[10%] building 
[2K[1A[2K[G[10%] building (0/0 modules)
[2K[1A[2K[G[24%] building (1/4 modules)
[2K[1A[2K[G[38%] building (67/14 modules)
[2K[1A[2K[G[51%] building (122/26 modules)
[2K[1A[2K[G[65%] building (288/61 modules)
[2K[1A[2K[G[65%] building 
[2K[1A[2K[G[69%] building (finish)
[2K[1A[2K[G[70%] sealing (finish module graph)
[2K[1A[2K[G[70%] sealing (finish module graph ResolverCachePlugin)
[2K[1A[2K[G[70%] sealing (finish module graph InferAsyncModulesPlugin)
[2K[1A[2K[G[70%] sealing (finish module graph FlagDependencyExportsPlugin)
[2K[1A[2K[G[70%] sealing (finish module graph)
[2K[1A[2K[G[71%] sealing (plugins)
[2K[1A[2K[G[71%] sealing (plugins WarnCaseSensitiveModulesPlugin)
[2K[1A[2K[G[71%] sealing (plugins)
[2K[1A[2K[G[71%] sealing (dependencies optimization)
[2K[1A[2K[G[71%] sealing (dependencies optimization SideEffectsFlagPlugin)
[2K[1A[2K[G[71%] sealing (dependencies optimization)
[2K[1A[2K[G[72%] sealing (after dependencies optimization)
[2K[1A[2K[G[73%] sealing (chunk graph)
[2K[1A[2K[G[73%] sealing (after chunk graph)
[2K[1A[2K[G[74%] sealing (optimizing)
[2K[1A[2K[G[74%] sealing (module optimization)
[2K[1A[2K[G[75%] sealing (after module optimization)
[2K[1A[2K[G[76%] sealing (chunk optimization)
[2K[1A[2K[G[76%] sealing (chunk optimization EnsureChunkConditionsPlugin)
[2K[1A[2K[G[76%] sealing (chunk optimization RemoveEmptyChunksPlugin)
[2K[1A[2K[G[76%] sealing (chunk optimization MergeDuplicateChunksPlugin)
[2K[1A[2K[G[76%] sealing (chunk optimization SplitChunksPlugin)
[2K[1A[2K[G[76%] sealing (chunk optimization RemoveEmptyChunksPlugin)
[2K[1A[2K[G[76%] sealing (chunk optimization)
[2K[1A[2K[G[76%] sealing (after chunk optimization)
[2K[1A[2K[G[77%] sealing (module and chunk tree optimization)
[2K[1A[2K[G[77%] sealing (module and chunk tree optimization PersistentChildCompilerSinglet
onPlugin)
[2K[1A[2K[1A[2K[G[77%] sealing (module and chunk tree optimization)
[2K[1A[2K[G[78%] sealing (after module and chunk tree optimization)
[2K[1A[2K[G[78%] sealing (chunk modules optimization)
[2K[1A[2K[G[79%] sealing (after chunk modules optimization)
[2K[1A[2K[G[80%] sealing (module reviving)
[2K[1A[2K[G[80%] sealing (module reviving RecordIdsPlugin)
[2K[1A[2K[G[80%] sealing (module reviving)
[2K[1A[2K[G[80%] sealing (before module ids)
[2K[1A[2K[G[81%] sealing (module ids)
[2K[1A[2K[G[81%] sealing (module ids NamedModuleIdsPlugin)
[2K[1A[2K[G[81%] sealing (module ids)
[2K[1A[2K[G[82%] sealing (module id optimization)
[2K[1A[2K[G[82%] sealing (module id optimization)
[2K[1A[2K[G[83%] sealing (chunk reviving)
[2K[1A[2K[G[83%] sealing (chunk reviving RecordIdsPlugin)
[2K[1A[2K[G[83%] sealing (chunk reviving)
[2K[1A[2K[G[83%] sealing (before chunk ids)
[2K[1A[2K[G[84%] sealing (chunk ids)
[2K[1A[2K[G[84%] sealing (chunk ids NamedChunkIdsPlugin)
[2K[1A[2K[G[84%] sealing (chunk ids)
[2K[1A[2K[G[85%] sealing (chunk id optimization)
[2K[1A[2K[G[85%] sealing (after chunk id optimization)
[2K[1A[2K[G[86%] sealing (record modules)
[2K[1A[2K[G[86%] sealing (record modules RecordIdsPlugin)
[2K[1A[2K[G[86%] sealing (record modules)
[2K[1A[2K[G[87%] sealing (record chunks)
[2K[1A[2K[G[87%] sealing (record chunks RecordIdsPlugin)
[2K[1A[2K[G[87%] sealing (record chunks)
[2K[1A[2K[G[87%] sealing (module hashing)
[2K[1A[2K[G[88%] sealing (code generation)
[2K[1A[2K[G[89%] sealing (runtime requirements)
[2K[1A[2K[G[89%] sealing (hashing)
[2K[1A[2K[G[90%] sealing (after hashing)
[2K[1A[2K[G[91%] sealing (record hash)
[2K[1A[2K[G[91%] sealing (module assets processing)
[2K[1A[2K[G[92%] sealing (chunk assets processing)
[2K[1A[2K[G[92%] sealing (asset processing)
[2K[1A[2K[G[92%] sealing (asset processing copy-webpack-plugin)
[2K[1A[2K[G[92%] sealing (asset processing HotModuleReplacementPlugin)
[2K[1A[2K[G[92%] sealing (asset processing PersistentChildCompilerSingletonPlugin)
[2K[1A[2K[G[92%] sealing (asset processing HtmlWebpackPlugin)
[2K[1A[2K[G[92%] sealing (asset processing)
[2K[1A[2K[G[93%] sealing (after asset optimization)
[2K[1A[2K[G[94%] sealing (recording)
[2K[1A[2K[G[94%] sealing (recording HotModuleReplacementPlugin)
[2K[1A[2K[G[94%] sealing (recording)
[2K[1A[2K[G[94%] sealing (after seal)
[2K[1A[2K[G[95%] emitting (emit)
[2K[1A[2K[G[98%] emitting (after emit)
[2K[1A[2K[GBuild finished at 23:34:34 by 0.000s
[2K[1A[2K[GBuild finished at 23:34:34 by 0.000s
[2K[1A[2K[GBuild finished at 23:34:34 by 0.000s
[2K[1A[2K[G DONE  Compiled successfully in 204ms23:34:34

Build finished at 23:34:34 by 0.000s
[2K[1A[2K[G
  App running at:
  - Local:   http://localhost:8083/ 
  - Network: unavailable

Build finished at 23:34:34 by 0.000s
[2K[1A[2K[GBuild finished at 23:34:34 by 0.000s
[2K[1A[2K[GBuild finished at 23:34:34 by 0.000s
[2K[1A[2K[GBuild finished at 23:34:34 by 0.000s
[2K[1A[2K[GBuild finished at 23:34:34 by 0.000s
[2K[1A[2K[GBuild finished at 23:34:34 by 0.000s
[2K[1A[2K[GBuild finished at 23:34:34 by 0.000s
[2K[1A[2K[GBuild finished at 23:34:34 by 0.000s
[2K[1A[2K[G WAIT  Compiling...23:35:04

Compiling...

[2K[1A[2K[G[1%] cache (end idle)
[2K[1A[2K[G[3%] setup (watch run)
[2K[1A[2K[G[3%] setup (watch run webpack-dev-middleware)
[2K[1A[2K[G[3%] setup (watch run)
[2K[1A[2K[G[4%] setup (normal module factory)
[2K[1A[2K[G[4%] setup (normal module factory CaseSensitivePathsPlugin)
[2K[1A[2K[G[4%] setup (normal module factory)
[2K[1A[2K[G[5%] setup (context module factory)
[2K[1A[2K[G[6%] setup (before compile)
[2K[1A[2K[G[6%] setup (before compile ProgressPlugin)
[2K[1A[2K[G[6%] setup (before compile)
[2K[1A[2K[G[7%] setup (compile)
[2K[1A[2K[G[7%] setup (compile ExternalsPlugin)
[2K[1A[2K[G[7%] setup (compile)
[2K[1A[2K[G[8%] setup (compilation)
[2K[1A[2K[G[8%] setup (compilation HtmlWebpackPlugin)
[2K[1A[2K[G[8%] setup (compilation CopyPlugin)
[2K[1A[2K[G[8%] setup (compilation ArrayPushCallbackChunkFormatPlugin)
[2K[1A[2K[G[8%] setup (compilation JsonpChunkLoadingPlugin)
[2K[1A[2K[G[8%] setup (compilation StartupChunkDependenciesPlugin)
[2K[1A[2K[G[8%] setup (compilation ImportScriptsChunkLoadingPlugin)
[2K[1A[2K[G[8%] setup (compilation WorkerPlugin)
[2K[1A[2K[G[8%] setup (compilation SplitChunksPlugin)
[2K[1A[2K[G[8%] setup (compilation ResolverCachePlugin)
[2K[1A[2K[G[8%] setup (compilation)
[2K[1A[2K[G[9%] setup (compilation)
[2K[1A[2K[G[9%] setup (compilation vue-loader-plugin)
[2K[1A[2K[G[9%] setup (compilation DefinePlugin)
[2K[1A[2K[G[9%] setup (compilation ProgressPlugin)
[2K[1A[2K[G[9%] setup (compilation EntryPlugin)
[2K[1A[2K[G[9%] setup (compilation ExternalsPlugin)
[2K[1A[2K[G[9%] setup (compilation ChunkPrefetchPreloadPlugin)
[2K[1A[2K[G[9%] setup (compilation ModuleInfoHeaderPlugin)
[2K[1A[2K[G[9%] setup (compilation EvalSourceMapDevToolPlugin)
[2K[1A[2K[G[9%] setup (compilation JavascriptModulesPlugin)
[2K[1A[2K[G[9%] setup (compilation JsonModulesPlugin)
[2K[1A[2K[G[9%] setup (compilation AssetModulesPlugin)
[2K[1A[2K[G[9%] setup (compilation EntryPlugin)
[2K[1A[2K[G[9%] setup (compilation RuntimePlugin)
[2K[1A[2K[G[9%] setup (compilation InferAsyncModulesPlugin)
[2K[1A[2K[G[9%] setup (compilation DataUriPlugin)
[2K[1A[2K[G[9%] setup (compilation FileUriPlugin)
[2K[1A[2K[G[9%] setup (compilation CompatibilityPlugin)
[2K[1A[2K[G[9%] setup (compilation HarmonyModulesPlugin)
[2K[1A[2K[G[9%] setup (compilation AMDPlugin)
[2K[1A[2K[G[9%] setup (compilation RequireJsStuffPlugin)
[2K[1A[2K[G[9%] setup (compilation CommonJsPlugin)
[2K[1A[2K[G[9%] setup (compilation LoaderPlugin)
[2K[1A[2K[G[9%] setup (compilation NodeStuffPlugin)
[2K[1A[2K[G[9%] setup (compilation APIPlugin)
[2K[1A[2K[G[9%] setup (compilation ExportsInfoApiPlugin)
[2K[1A[2K[G[9%] setup (compilation WebpackIsIncludedPlugin)
[2K[1A[2K[G[9%] setup (compilation ConstPlugin)
[2K[1A[2K[G[9%] setup (compilation UseStrictPlugin)
[2K[1A[2K[G[9%] setup (compilation RequireIncludePlugin)
[2K[1A[2K[G[9%] setup (compilation RequireEnsurePlugin)
[2K[1A[2K[G[9%] setup (compilation RequireContextPlugin)
[2K[1A[2K[G[9%] setup (compilation ImportPlugin)
[2K[1A[2K[G[9%] setup (compilation ImportMetaContextPlugin)
[2K[1A[2K[G[9%] setup (compilation SystemPlugin)
[2K[1A[2K[G[9%] setup (compilation ImportMetaPlugin)
[2K[1A[2K[G[9%] setup (compilation URLPlugin)
[2K[1A[2K[G[9%] setup (compilation DefaultStatsFactoryPlugin)
[2K[1A[2K[G[9%] setup (compilation DefaultStatsPresetPlugin)
[2K[1A[2K[G[9%] setup (compilation DefaultStatsPrinterPlugin)
[2K[1A[2K[G[9%] setup (compilation JavascriptMetaInfoPlugin)
[2K[1A[2K[G[9%] setup (compilation EnsureChunkConditionsPlugin)
[2K[1A[2K[G[9%] setup (compilation RemoveEmptyChunksPlugin)
[2K[1A[2K[G[9%] setup (compilation MergeDuplicateChunksPlugin)
[2K[1A[2K[G[9%] setup (compilation SideEffectsFlagPlugin)
[2K[1A[2K[G[9%] setup (compilation FlagDependencyExportsPlugin)
[2K[1A[2K[G[9%] setup (compilation NamedModuleIdsPlugin)
[2K[1A[2K[G[9%] setup (compilation NamedChunkIdsPlugin)
[2K[1A[2K[G[9%] setup (compilation DefinePlugin)
[2K[1A[2K[G[9%] setup (compilation TemplatedPathPlugin)
[2K[1A[2K[G[9%] setup (compilation RecordIdsPlugin)
[2K[1A[2K[G[9%] setup (compilation WarnCaseSensitiveModulesPlugin)
[2K[1A[2K[G[9%] setup (compilation EntryPlugin)
[2K[1A[2K[G[9%] setup (compilation ProvidePlugin)
[2K[1A[2K[G[9%] setup (compilation HotModuleReplacementPlugin)
[2K[1A[2K[G[9%] setup (compilation ProgressPlugin)
[2K[1A[2K[G[9%] setup (compilation)
[2K[1A[2K[G[10%] building 
[2K[1A[2K[G[10%] building (0/0 modules)
[2K[1A[2K[G[24%] building (5/6 modules)
[2K[1A[2K[G[38%] building (16/6 modules)
[2K[1A[2K[G[51%] building (123/15 modules)
[2K[1A[2K[G[65%] building (288/61 modules)
[2K[1A[2K[G[65%] building 
[2K[1A[2K[G[69%] building (finish)
[2K[1A[2K[G[70%] sealing (finish module graph)
[2K[1A[2K[G[70%] sealing (finish module graph ResolverCachePlugin)
[2K[1A[2K[G[70%] sealing (finish module graph InferAsyncModulesPlugin)
[2K[1A[2K[G[70%] sealing (finish module graph FlagDependencyExportsPlugin)
[2K[1A[2K[G[70%] sealing (finish module graph)
[2K[1A[2K[G[71%] sealing (plugins)
[2K[1A[2K[G[71%] sealing (plugins WarnCaseSensitiveModulesPlugin)
[2K[1A[2K[G[71%] sealing (plugins)
[2K[1A[2K[G[71%] sealing (dependencies optimization)
[2K[1A[2K[G[71%] sealing (dependencies optimization SideEffectsFlagPlugin)
[2K[1A[2K[G[71%] sealing (dependencies optimization)
[2K[1A[2K[G[72%] sealing (after dependencies optimization)
[2K[1A[2K[G[73%] sealing (chunk graph)
[2K[1A[2K[G[73%] sealing (after chunk graph)
[2K[1A[2K[G[74%] sealing (optimizing)
[2K[1A[2K[G[74%] sealing (module optimization)
[2K[1A[2K[G[75%] sealing (after module optimization)
[2K[1A[2K[G[76%] sealing (chunk optimization)
[2K[1A[2K[G[76%] sealing (chunk optimization EnsureChunkConditionsPlugin)
[2K[1A[2K[G[76%] sealing (chunk optimization RemoveEmptyChunksPlugin)
[2K[1A[2K[G[76%] sealing (chunk optimization MergeDuplicateChunksPlugin)
[2K[1A[2K[G[76%] sealing (chunk optimization SplitChunksPlugin)
[2K[1A[2K[G[76%] sealing (chunk optimization RemoveEmptyChunksPlugin)
[2K[1A[2K[G[76%] sealing (chunk optimization)
[2K[1A[2K[G[76%] sealing (after chunk optimization)
[2K[1A[2K[G[77%] sealing (module and chunk tree optimization)
[2K[1A[2K[G[77%] sealing (module and chunk tree optimization PersistentChildCompilerSinglet
onPlugin)
[2K[1A[2K[1A[2K[G[77%] sealing (module and chunk tree optimization)
[2K[1A[2K[G[78%] sealing (after module and chunk tree optimization)
[2K[1A[2K[G[78%] sealing (chunk modules optimization)
[2K[1A[2K[G[79%] sealing (after chunk modules optimization)
[2K[1A[2K[G[80%] sealing (module reviving)
[2K[1A[2K[G[80%] sealing (module reviving RecordIdsPlugin)
[2K[1A[2K[G[80%] sealing (module reviving)
[2K[1A[2K[G[80%] sealing (before module ids)
[2K[1A[2K[G[81%] sealing (module ids)
[2K[1A[2K[G[81%] sealing (module ids NamedModuleIdsPlugin)
[2K[1A[2K[G[81%] sealing (module ids)
[2K[1A[2K[G[82%] sealing (module id optimization)
[2K[1A[2K[G[82%] sealing (module id optimization)
[2K[1A[2K[G[83%] sealing (chunk reviving)
[2K[1A[2K[G[83%] sealing (chunk reviving RecordIdsPlugin)
[2K[1A[2K[G[83%] sealing (chunk reviving)
[2K[1A[2K[G[83%] sealing (before chunk ids)
[2K[1A[2K[G[84%] sealing (chunk ids)
[2K[1A[2K[G[84%] sealing (chunk ids NamedChunkIdsPlugin)
[2K[1A[2K[G[84%] sealing (chunk ids)
[2K[1A[2K[G[85%] sealing (chunk id optimization)
[2K[1A[2K[G[85%] sealing (after chunk id optimization)
[2K[1A[2K[G[86%] sealing (record modules)
[2K[1A[2K[G[86%] sealing (record modules RecordIdsPlugin)
[2K[1A[2K[G[86%] sealing (record modules)
[2K[1A[2K[G[87%] sealing (record chunks)
[2K[1A[2K[G[87%] sealing (record chunks RecordIdsPlugin)
[2K[1A[2K[G[87%] sealing (record chunks)
[2K[1A[2K[G[87%] sealing (module hashing)
[2K[1A[2K[G[88%] sealing (code generation)
[2K[1A[2K[G[89%] sealing (runtime requirements)
[2K[1A[2K[G[89%] sealing (hashing)
[2K[1A[2K[G[90%] sealing (after hashing)
[2K[1A[2K[G[91%] sealing (record hash)
[2K[1A[2K[G[91%] sealing (module assets processing)
[2K[1A[2K[G[92%] sealing (chunk assets processing)
[2K[1A[2K[G[92%] sealing (asset processing)
[2K[1A[2K[G[92%] sealing (asset processing copy-webpack-plugin)
[2K[1A[2K[G[92%] sealing (asset processing HotModuleReplacementPlugin)
[2K[1A[2K[G[92%] sealing (asset processing PersistentChildCompilerSingletonPlugin)
[2K[1A[2K[G[92%] sealing (asset processing HtmlWebpackPlugin)
[2K[1A[2K[G[92%] sealing (asset processing)
[2K[1A[2K[G[93%] sealing (after asset optimization)
[2K[1A[2K[G[94%] sealing (recording)
[2K[1A[2K[G[94%] sealing (recording HotModuleReplacementPlugin)
[2K[1A[2K[G[94%] sealing (recording)
[2K[1A[2K[G[94%] sealing (after seal)
[2K[1A[2K[G[95%] emitting (emit)
[2K[1A[2K[G[98%] emitting (after emit)
[2K[1A[2K[GBuild finished at 23:35:04 by 0.000s
[2K[1A[2K[GBuild finished at 23:35:04 by 0.000s
[2K[1A[2K[GBuild finished at 23:35:04 by 0.000s
[2K[1A[2K[G DONE  Compiled successfully in 233ms23:35:04

Build finished at 23:35:04 by 0.000s
[2K[1A[2K[G
  App running at:
  - Local:   http://localhost:8083/ 
  - Network: unavailable

Build finished at 23:35:04 by 0.000s
[2K[1A[2K[GBuild finished at 23:35:04 by 0.000s
[2K[1A[2K[GBuild finished at 23:35:04 by 0.000s
[2K[1A[2K[GBuild finished at 23:35:04 by 0.000s
[2K[1A[2K[GBuild finished at 23:35:04 by 0.000s
[2K[1A[2K[GBuild finished at 23:35:04 by 0.000s
[2K[1A[2K[GBuild finished at 23:35:04 by 0.000s
[2K[1A[2K[GBuild finished at 23:35:04 by 0.000s
[2K[1A[2K[G WAIT  Compiling...23:35:54

Compiling...

[2K[1A[2K[G[1%] cache (end idle)
[2K[1A[2K[G[3%] setup (watch run)
[2K[1A[2K[G[3%] setup (watch run webpack-dev-middleware)
[2K[1A[2K[G[3%] setup (watch run)
[2K[1A[2K[G[4%] setup (normal module factory)
[2K[1A[2K[G[4%] setup (normal module factory CaseSensitivePathsPlugin)
[2K[1A[2K[G[4%] setup (normal module factory)
[2K[1A[2K[G[5%] setup (context module factory)
[2K[1A[2K[G[6%] setup (before compile)
[2K[1A[2K[G[6%] setup (before compile ProgressPlugin)
[2K[1A[2K[G[6%] setup (before compile)
[2K[1A[2K[G[7%] setup (compile)
[2K[1A[2K[G[7%] setup (compile ExternalsPlugin)
[2K[1A[2K[G[7%] setup (compile)
[2K[1A[2K[G[8%] setup (compilation)
[2K[1A[2K[G[8%] setup (compilation HtmlWebpackPlugin)
[2K[1A[2K[G[8%] setup (compilation CopyPlugin)
[2K[1A[2K[G[8%] setup (compilation ArrayPushCallbackChunkFormatPlugin)
[2K[1A[2K[G[8%] setup (compilation JsonpChunkLoadingPlugin)
[2K[1A[2K[G[8%] setup (compilation StartupChunkDependenciesPlugin)
[2K[1A[2K[G[8%] setup (compilation ImportScriptsChunkLoadingPlugin)
[2K[1A[2K[G[8%] setup (compilation WorkerPlugin)
[2K[1A[2K[G[8%] setup (compilation SplitChunksPlugin)
[2K[1A[2K[G[8%] setup (compilation ResolverCachePlugin)
[2K[1A[2K[G[8%] setup (compilation)
[2K[1A[2K[G[9%] setup (compilation)
[2K[1A[2K[G[9%] setup (compilation vue-loader-plugin)
[2K[1A[2K[G[9%] setup (compilation DefinePlugin)
[2K[1A[2K[G[9%] setup (compilation ProgressPlugin)
[2K[1A[2K[G[9%] setup (compilation EntryPlugin)
[2K[1A[2K[G[9%] setup (compilation ExternalsPlugin)
[2K[1A[2K[G[9%] setup (compilation ChunkPrefetchPreloadPlugin)
[2K[1A[2K[G[9%] setup (compilation ModuleInfoHeaderPlugin)
[2K[1A[2K[G[9%] setup (compilation EvalSourceMapDevToolPlugin)
[2K[1A[2K[G[9%] setup (compilation JavascriptModulesPlugin)
[2K[1A[2K[G[9%] setup (compilation JsonModulesPlugin)
[2K[1A[2K[G[9%] setup (compilation AssetModulesPlugin)
[2K[1A[2K[G[9%] setup (compilation EntryPlugin)
[2K[1A[2K[G[9%] setup (compilation RuntimePlugin)
[2K[1A[2K[G[9%] setup (compilation InferAsyncModulesPlugin)
[2K[1A[2K[G[9%] setup (compilation DataUriPlugin)
[2K[1A[2K[G[9%] setup (compilation FileUriPlugin)
[2K[1A[2K[G[9%] setup (compilation CompatibilityPlugin)
[2K[1A[2K[G[9%] setup (compilation HarmonyModulesPlugin)
[2K[1A[2K[G[9%] setup (compilation AMDPlugin)
[2K[1A[2K[G[9%] setup (compilation RequireJsStuffPlugin)
[2K[1A[2K[G[9%] setup (compilation CommonJsPlugin)
[2K[1A[2K[G[9%] setup (compilation LoaderPlugin)
[2K[1A[2K[G[9%] setup (compilation NodeStuffPlugin)
[2K[1A[2K[G[9%] setup (compilation APIPlugin)
[2K[1A[2K[G[9%] setup (compilation ExportsInfoApiPlugin)
[2K[1A[2K[G[9%] setup (compilation WebpackIsIncludedPlugin)
[2K[1A[2K[G[9%] setup (compilation ConstPlugin)
[2K[1A[2K[G[9%] setup (compilation UseStrictPlugin)
[2K[1A[2K[G[9%] setup (compilation RequireIncludePlugin)
[2K[1A[2K[G[9%] setup (compilation RequireEnsurePlugin)
[2K[1A[2K[G[9%] setup (compilation RequireContextPlugin)
[2K[1A[2K[G[9%] setup (compilation ImportPlugin)
[2K[1A[2K[G[9%] setup (compilation ImportMetaContextPlugin)
[2K[1A[2K[G[9%] setup (compilation SystemPlugin)
[2K[1A[2K[G[9%] setup (compilation ImportMetaPlugin)
[2K[1A[2K[G[9%] setup (compilation URLPlugin)
[2K[1A[2K[G[9%] setup (compilation DefaultStatsFactoryPlugin)
[2K[1A[2K[G[9%] setup (compilation DefaultStatsPresetPlugin)
[2K[1A[2K[G[9%] setup (compilation DefaultStatsPrinterPlugin)
[2K[1A[2K[G[9%] setup (compilation JavascriptMetaInfoPlugin)
[2K[1A[2K[G[9%] setup (compilation EnsureChunkConditionsPlugin)
[2K[1A[2K[G[9%] setup (compilation RemoveEmptyChunksPlugin)
[2K[1A[2K[G[9%] setup (compilation MergeDuplicateChunksPlugin)
[2K[1A[2K[G[9%] setup (compilation SideEffectsFlagPlugin)
[2K[1A[2K[G[9%] setup (compilation FlagDependencyExportsPlugin)
[2K[1A[2K[G[9%] setup (compilation NamedModuleIdsPlugin)
[2K[1A[2K[G[9%] setup (compilation NamedChunkIdsPlugin)
[2K[1A[2K[G[9%] setup (compilation DefinePlugin)
[2K[1A[2K[G[9%] setup (compilation TemplatedPathPlugin)
[2K[1A[2K[G[9%] setup (compilation RecordIdsPlugin)
[2K[1A[2K[G[9%] setup (compilation WarnCaseSensitiveModulesPlugin)
[2K[1A[2K[G[9%] setup (compilation EntryPlugin)
[2K[1A[2K[G[9%] setup (compilation ProvidePlugin)
[2K[1A[2K[G[9%] setup (compilation HotModuleReplacementPlugin)
[2K[1A[2K[G[9%] setup (compilation ProgressPlugin)
[2K[1A[2K[G[9%] setup (compilation)
[2K[1A[2K[G[10%] building 
[2K[1A[2K[G[10%] building (0/0 modules)
[2K[1A[2K[G[24%] building (1/4 modules)
[2K[1A[2K[G[38%] building (36/12 modules)
[2K[1A[2K[G[51%] building (73/14 modules)
[2K[1A[2K[G[65%] building (288/61 modules)
[2K[1A[2K[G[65%] building 
[2K[1A[2K[G[69%] building (finish)
[2K[1A[2K[G[70%] sealing (finish module graph)
[2K[1A[2K[G[70%] sealing (finish module graph ResolverCachePlugin)
[2K[1A[2K[G[70%] sealing (finish module graph InferAsyncModulesPlugin)
[2K[1A[2K[G[70%] sealing (finish module graph FlagDependencyExportsPlugin)
[2K[1A[2K[G[70%] sealing (finish module graph)
[2K[1A[2K[G[71%] sealing (plugins)
[2K[1A[2K[G[71%] sealing (plugins WarnCaseSensitiveModulesPlugin)
[2K[1A[2K[G[71%] sealing (plugins)
[2K[1A[2K[G[71%] sealing (dependencies optimization)
[2K[1A[2K[G[71%] sealing (dependencies optimization SideEffectsFlagPlugin)
[2K[1A[2K[G[71%] sealing (dependencies optimization)
[2K[1A[2K[G[72%] sealing (after dependencies optimization)
[2K[1A[2K[G[73%] sealing (chunk graph)
[2K[1A[2K[G[73%] sealing (after chunk graph)
[2K[1A[2K[G[74%] sealing (optimizing)
[2K[1A[2K[G[74%] sealing (module optimization)
[2K[1A[2K[G[75%] sealing (after module optimization)
[2K[1A[2K[G[76%] sealing (chunk optimization)
[2K[1A[2K[G[76%] sealing (chunk optimization EnsureChunkConditionsPlugin)
[2K[1A[2K[G[76%] sealing (chunk optimization RemoveEmptyChunksPlugin)
[2K[1A[2K[G[76%] sealing (chunk optimization MergeDuplicateChunksPlugin)
[2K[1A[2K[G[76%] sealing (chunk optimization SplitChunksPlugin)
[2K[1A[2K[G[76%] sealing (chunk optimization RemoveEmptyChunksPlugin)
[2K[1A[2K[G[76%] sealing (chunk optimization)
[2K[1A[2K[G[76%] sealing (after chunk optimization)
[2K[1A[2K[G[77%] sealing (module and chunk tree optimization)
[2K[1A[2K[G[77%] sealing (module and chunk tree optimization PersistentChildCompilerSinglet
onPlugin)
[2K[1A[2K[1A[2K[G[77%] sealing (module and chunk tree optimization)
[2K[1A[2K[G[78%] sealing (after module and chunk tree optimization)
[2K[1A[2K[G[78%] sealing (chunk modules optimization)
[2K[1A[2K[G[79%] sealing (after chunk modules optimization)
[2K[1A[2K[G[80%] sealing (module reviving)
[2K[1A[2K[G[80%] sealing (module reviving RecordIdsPlugin)
[2K[1A[2K[G[80%] sealing (module reviving)
[2K[1A[2K[G[80%] sealing (before module ids)
[2K[1A[2K[G[81%] sealing (module ids)
[2K[1A[2K[G[81%] sealing (module ids NamedModuleIdsPlugin)
[2K[1A[2K[G[81%] sealing (module ids)
[2K[1A[2K[G[82%] sealing (module id optimization)
[2K[1A[2K[G[82%] sealing (module id optimization)
[2K[1A[2K[G[83%] sealing (chunk reviving)
[2K[1A[2K[G[83%] sealing (chunk reviving RecordIdsPlugin)
[2K[1A[2K[G[83%] sealing (chunk reviving)
[2K[1A[2K[G[83%] sealing (before chunk ids)
[2K[1A[2K[G[84%] sealing (chunk ids)
[2K[1A[2K[G[84%] sealing (chunk ids NamedChunkIdsPlugin)
[2K[1A[2K[G[84%] sealing (chunk ids)
[2K[1A[2K[G[85%] sealing (chunk id optimization)
[2K[1A[2K[G[85%] sealing (after chunk id optimization)
[2K[1A[2K[G[86%] sealing (record modules)
[2K[1A[2K[G[86%] sealing (record modules RecordIdsPlugin)
[2K[1A[2K[G[86%] sealing (record modules)
[2K[1A[2K[G[87%] sealing (record chunks)
[2K[1A[2K[G[87%] sealing (record chunks RecordIdsPlugin)
[2K[1A[2K[G[87%] sealing (record chunks)
[2K[1A[2K[G[87%] sealing (module hashing)
[2K[1A[2K[G[88%] sealing (code generation)
[2K[1A[2K[G[89%] sealing (runtime requirements)
[2K[1A[2K[G[89%] sealing (hashing)
[2K[1A[2K[G[90%] sealing (after hashing)
[2K[1A[2K[G[91%] sealing (record hash)
[2K[1A[2K[G[91%] sealing (module assets processing)
[2K[1A[2K[G[92%] sealing (chunk assets processing)
[2K[1A[2K[G[92%] sealing (asset processing)
[2K[1A[2K[G[92%] sealing (asset processing copy-webpack-plugin)
[2K[1A[2K[G[92%] sealing (asset processing HotModuleReplacementPlugin)
[2K[1A[2K[G[92%] sealing (asset processing PersistentChildCompilerSingletonPlugin)
[2K[1A[2K[G[92%] sealing (asset processing HtmlWebpackPlugin)
[2K[1A[2K[G[92%] sealing (asset processing)
[2K[1A[2K[G[93%] sealing (after asset optimization)
[2K[1A[2K[G[94%] sealing (recording)
[2K[1A[2K[G[94%] sealing (recording HotModuleReplacementPlugin)
[2K[1A[2K[G[94%] sealing (recording)
[2K[1A[2K[G[94%] sealing (after seal)
[2K[1A[2K[G[95%] emitting (emit)
[2K[1A[2K[G[98%] emitting (after emit)
[2K[1A[2K[GBuild finished at 23:35:55 by 0.000s
[2K[1A[2K[GBuild finished at 23:35:55 by 0.000s
[2K[1A[2K[GBuild finished at 23:35:55 by 0.000s
[2K[1A[2K[G DONE  Compiled successfully in 196ms23:35:55

Build finished at 23:35:55 by 0.000s
[2K[1A[2K[G
  App running at:
  - Local:   http://localhost:8083/ 
  - Network: unavailable

Build finished at 23:35:55 by 0.000s
[2K[1A[2K[GBuild finished at 23:35:55 by 0.000s
[2K[1A[2K[GBuild finished at 23:35:55 by 0.000s
[2K[1A[2K[GBuild finished at 23:35:55 by 0.000s
[2K[1A[2K[GBuild finished at 23:35:55 by 0.000s
[2K[1A[2K[GBuild finished at 23:35:55 by 0.000s
[2K[1A[2K[GBuild finished at 23:35:55 by 0.000s
[2K[1A[2K[GBuild finished at 23:35:55 by 0.000s
[2K[1A[2K[G WAIT  Compiling...23:36:09

Compiling...

[2K[1A[2K[G[1%] cache (end idle)
[2K[1A[2K[G[3%] setup (watch run)
[2K[1A[2K[G[3%] setup (watch run webpack-dev-middleware)
[2K[1A[2K[G[3%] setup (watch run)
[2K[1A[2K[G[4%] setup (normal module factory)
[2K[1A[2K[G[4%] setup (normal module factory CaseSensitivePathsPlugin)
[2K[1A[2K[G[4%] setup (normal module factory)
[2K[1A[2K[G[5%] setup (context module factory)
[2K[1A[2K[G[6%] setup (before compile)
[2K[1A[2K[G[6%] setup (before compile ProgressPlugin)
[2K[1A[2K[G[6%] setup (before compile)
[2K[1A[2K[G[7%] setup (compile)
[2K[1A[2K[G[7%] setup (compile ExternalsPlugin)
[2K[1A[2K[G[7%] setup (compile)
[2K[1A[2K[G[8%] setup (compilation)
[2K[1A[2K[G[8%] setup (compilation HtmlWebpackPlugin)
[2K[1A[2K[G[8%] setup (compilation CopyPlugin)
[2K[1A[2K[G[8%] setup (compilation ArrayPushCallbackChunkFormatPlugin)
[2K[1A[2K[G[8%] setup (compilation JsonpChunkLoadingPlugin)
[2K[1A[2K[G[8%] setup (compilation StartupChunkDependenciesPlugin)
[2K[1A[2K[G[8%] setup (compilation ImportScriptsChunkLoadingPlugin)
[2K[1A[2K[G[8%] setup (compilation WorkerPlugin)
[2K[1A[2K[G[8%] setup (compilation SplitChunksPlugin)
[2K[1A[2K[G[8%] setup (compilation ResolverCachePlugin)
[2K[1A[2K[G[8%] setup (compilation)
[2K[1A[2K[G[9%] setup (compilation)
[2K[1A[2K[G[9%] setup (compilation vue-loader-plugin)
[2K[1A[2K[G[9%] setup (compilation DefinePlugin)
[2K[1A[2K[G[9%] setup (compilation ProgressPlugin)
[2K[1A[2K[G[9%] setup (compilation EntryPlugin)
[2K[1A[2K[G[9%] setup (compilation ExternalsPlugin)
[2K[1A[2K[G[9%] setup (compilation ChunkPrefetchPreloadPlugin)
[2K[1A[2K[G[9%] setup (compilation ModuleInfoHeaderPlugin)
[2K[1A[2K[G[9%] setup (compilation EvalSourceMapDevToolPlugin)
[2K[1A[2K[G[9%] setup (compilation JavascriptModulesPlugin)
[2K[1A[2K[G[9%] setup (compilation JsonModulesPlugin)
[2K[1A[2K[G[9%] setup (compilation AssetModulesPlugin)
[2K[1A[2K[G[9%] setup (compilation EntryPlugin)
[2K[1A[2K[G[9%] setup (compilation RuntimePlugin)
[2K[1A[2K[G[9%] setup (compilation InferAsyncModulesPlugin)
[2K[1A[2K[G[9%] setup (compilation DataUriPlugin)
[2K[1A[2K[G[9%] setup (compilation FileUriPlugin)
[2K[1A[2K[G[9%] setup (compilation CompatibilityPlugin)
[2K[1A[2K[G[9%] setup (compilation HarmonyModulesPlugin)
[2K[1A[2K[G[9%] setup (compilation AMDPlugin)
[2K[1A[2K[G[9%] setup (compilation RequireJsStuffPlugin)
[2K[1A[2K[G[9%] setup (compilation CommonJsPlugin)
[2K[1A[2K[G[9%] setup (compilation LoaderPlugin)
[2K[1A[2K[G[9%] setup (compilation NodeStuffPlugin)
[2K[1A[2K[G[9%] setup (compilation APIPlugin)
[2K[1A[2K[G[9%] setup (compilation ExportsInfoApiPlugin)
[2K[1A[2K[G[9%] setup (compilation WebpackIsIncludedPlugin)
[2K[1A[2K[G[9%] setup (compilation ConstPlugin)
[2K[1A[2K[G[9%] setup (compilation UseStrictPlugin)
[2K[1A[2K[G[9%] setup (compilation RequireIncludePlugin)
[2K[1A[2K[G[9%] setup (compilation RequireEnsurePlugin)
[2K[1A[2K[G[9%] setup (compilation RequireContextPlugin)
[2K[1A[2K[G[9%] setup (compilation ImportPlugin)
[2K[1A[2K[G[9%] setup (compilation ImportMetaContextPlugin)
[2K[1A[2K[G[9%] setup (compilation SystemPlugin)
[2K[1A[2K[G[9%] setup (compilation ImportMetaPlugin)
[2K[1A[2K[G[9%] setup (compilation URLPlugin)
[2K[1A[2K[G[9%] setup (compilation DefaultStatsFactoryPlugin)
[2K[1A[2K[G[9%] setup (compilation DefaultStatsPresetPlugin)
[2K[1A[2K[G[9%] setup (compilation DefaultStatsPrinterPlugin)
[2K[1A[2K[G[9%] setup (compilation JavascriptMetaInfoPlugin)
[2K[1A[2K[G[9%] setup (compilation EnsureChunkConditionsPlugin)
[2K[1A[2K[G[9%] setup (compilation RemoveEmptyChunksPlugin)
[2K[1A[2K[G[9%] setup (compilation MergeDuplicateChunksPlugin)
[2K[1A[2K[G[9%] setup (compilation SideEffectsFlagPlugin)
[2K[1A[2K[G[9%] setup (compilation FlagDependencyExportsPlugin)
[2K[1A[2K[G[9%] setup (compilation NamedModuleIdsPlugin)
[2K[1A[2K[G[9%] setup (compilation NamedChunkIdsPlugin)
[2K[1A[2K[G[9%] setup (compilation DefinePlugin)
[2K[1A[2K[G[9%] setup (compilation TemplatedPathPlugin)
[2K[1A[2K[G[9%] setup (compilation RecordIdsPlugin)
[2K[1A[2K[G[9%] setup (compilation WarnCaseSensitiveModulesPlugin)
[2K[1A[2K[G[9%] setup (compilation EntryPlugin)
[2K[1A[2K[G[9%] setup (compilation ProvidePlugin)
[2K[1A[2K[G[9%] setup (compilation HotModuleReplacementPlugin)
[2K[1A[2K[G[9%] setup (compilation ProgressPlugin)
[2K[1A[2K[G[9%] setup (compilation)
[2K[1A[2K[G[10%] building 
[2K[1A[2K[G[10%] building (0/0 modules)
[2K[1A[2K[G[24%] building (1/4 modules)
[2K[1A[2K[G[38%] building (63/9 modules)
[2K[1A[2K[G[51%] building (122/9 modules)
[2K[1A[2K[G[65%] building (288/61 modules)
[2K[1A[2K[G[65%] building 
[2K[1A[2K[G[69%] building (finish)
[2K[1A[2K[G[70%] sealing (finish module graph)
[2K[1A[2K[G[70%] sealing (finish module graph ResolverCachePlugin)
[2K[1A[2K[G[70%] sealing (finish module graph InferAsyncModulesPlugin)
[2K[1A[2K[G[70%] sealing (finish module graph FlagDependencyExportsPlugin)
[2K[1A[2K[G[70%] sealing (finish module graph)
[2K[1A[2K[G[71%] sealing (plugins)
[2K[1A[2K[G[71%] sealing (plugins WarnCaseSensitiveModulesPlugin)
[2K[1A[2K[G[71%] sealing (plugins)
[2K[1A[2K[G[71%] sealing (dependencies optimization)
[2K[1A[2K[G[71%] sealing (dependencies optimization SideEffectsFlagPlugin)
[2K[1A[2K[G[71%] sealing (dependencies optimization)
[2K[1A[2K[G[72%] sealing (after dependencies optimization)
[2K[1A[2K[G[73%] sealing (chunk graph)
[2K[1A[2K[G[73%] sealing (after chunk graph)
[2K[1A[2K[G[74%] sealing (optimizing)
[2K[1A[2K[G[74%] sealing (module optimization)
[2K[1A[2K[G[75%] sealing (after module optimization)
[2K[1A[2K[G[76%] sealing (chunk optimization)
[2K[1A[2K[G[76%] sealing (chunk optimization EnsureChunkConditionsPlugin)
[2K[1A[2K[G[76%] sealing (chunk optimization RemoveEmptyChunksPlugin)
[2K[1A[2K[G[76%] sealing (chunk optimization MergeDuplicateChunksPlugin)
[2K[1A[2K[G[76%] sealing (chunk optimization SplitChunksPlugin)
[2K[1A[2K[G[76%] sealing (chunk optimization RemoveEmptyChunksPlugin)
[2K[1A[2K[G[76%] sealing (chunk optimization)
[2K[1A[2K[G[76%] sealing (after chunk optimization)
[2K[1A[2K[G[77%] sealing (module and chunk tree optimization)
[2K[1A[2K[G[77%] sealing (module and chunk tree optimization PersistentChildCompilerSinglet
onPlugin)
[2K[1A[2K[1A[2K[G[77%] sealing (module and chunk tree optimization)
[2K[1A[2K[G[78%] sealing (after module and chunk tree optimization)
[2K[1A[2K[G[78%] sealing (chunk modules optimization)
[2K[1A[2K[G[79%] sealing (after chunk modules optimization)
[2K[1A[2K[G[80%] sealing (module reviving)
[2K[1A[2K[G[80%] sealing (module reviving RecordIdsPlugin)
[2K[1A[2K[G[80%] sealing (module reviving)
[2K[1A[2K[G[80%] sealing (before module ids)
[2K[1A[2K[G[81%] sealing (module ids)
[2K[1A[2K[G[81%] sealing (module ids NamedModuleIdsPlugin)
[2K[1A[2K[G[81%] sealing (module ids)
[2K[1A[2K[G[82%] sealing (module id optimization)
[2K[1A[2K[G[82%] sealing (module id optimization)
[2K[1A[2K[G[83%] sealing (chunk reviving)
[2K[1A[2K[G[83%] sealing (chunk reviving RecordIdsPlugin)
[2K[1A[2K[G[83%] sealing (chunk reviving)
[2K[1A[2K[G[83%] sealing (before chunk ids)
[2K[1A[2K[G[84%] sealing (chunk ids)
[2K[1A[2K[G[84%] sealing (chunk ids NamedChunkIdsPlugin)
[2K[1A[2K[G[84%] sealing (chunk ids)
[2K[1A[2K[G[85%] sealing (chunk id optimization)
[2K[1A[2K[G[85%] sealing (after chunk id optimization)
[2K[1A[2K[G[86%] sealing (record modules)
[2K[1A[2K[G[86%] sealing (record modules RecordIdsPlugin)
[2K[1A[2K[G[86%] sealing (record modules)
[2K[1A[2K[G[87%] sealing (record chunks)
[2K[1A[2K[G[87%] sealing (record chunks RecordIdsPlugin)
[2K[1A[2K[G[87%] sealing (record chunks)
[2K[1A[2K[G[87%] sealing (module hashing)
[2K[1A[2K[G[88%] sealing (code generation)
[2K[1A[2K[G[89%] sealing (runtime requirements)
[2K[1A[2K[G[89%] sealing (hashing)
[2K[1A[2K[G[90%] sealing (after hashing)
[2K[1A[2K[G[91%] sealing (record hash)
[2K[1A[2K[G[91%] sealing (module assets processing)
[2K[1A[2K[G[92%] sealing (chunk assets processing)
[2K[1A[2K[G[92%] sealing (asset processing)
[2K[1A[2K[G[92%] sealing (asset processing copy-webpack-plugin)
[2K[1A[2K[G[92%] sealing (asset processing HotModuleReplacementPlugin)
[2K[1A[2K[G[92%] sealing (asset processing PersistentChildCompilerSingletonPlugin)
[2K[1A[2K[G[92%] sealing (asset processing HtmlWebpackPlugin)
[2K[1A[2K[G[92%] sealing (asset processing)
[2K[1A[2K[G[93%] sealing (after asset optimization)
[2K[1A[2K[G[94%] sealing (recording)
[2K[1A[2K[G[94%] sealing (recording HotModuleReplacementPlugin)
[2K[1A[2K[G[94%] sealing (recording)
[2K[1A[2K[G[94%] sealing (after seal)
[2K[1A[2K[G[95%] emitting (emit)
[2K[1A[2K[G[98%] emitting (after emit)
[2K[1A[2K[GBuild finished at 23:36:09 by 0.000s
[2K[1A[2K[GBuild finished at 23:36:09 by 0.000s
[2K[1A[2K[GBuild finished at 23:36:09 by 0.000s
[2K[1A[2K[G DONE  Compiled successfully in 136ms23:36:09

Build finished at 23:36:09 by 0.000s
[2K[1A[2K[G
  App running at:
  - Local:   http://localhost:8083/ 
  - Network: unavailable

Build finished at 23:36:09 by 0.000s
[2K[1A[2K[GBuild finished at 23:36:09 by 0.000s
[2K[1A[2K[GBuild finished at 23:36:09 by 0.000s
[2K[1A[2K[GBuild finished at 23:36:09 by 0.000s
[2K[1A[2K[GBuild finished at 23:36:09 by 0.000s
[2K[1A[2K[GBuild finished at 23:36:09 by 0.000s
[2K[1A[2K[GBuild finished at 23:36:09 by 0.000s
[2K[1A[2K[GBuild finished at 23:36:09 by 0.000s
[2K[1A[2K[G WAIT  Compiling...23:36:21

Compiling...

[2K[1A[2K[G[1%] cache (end idle)
[2K[1A[2K[G[3%] setup (watch run)
[2K[1A[2K[G[3%] setup (watch run webpack-dev-middleware)
[2K[1A[2K[G[3%] setup (watch run)
[2K[1A[2K[G[4%] setup (normal module factory)
[2K[1A[2K[G[4%] setup (normal module factory CaseSensitivePathsPlugin)
[2K[1A[2K[G[4%] setup (normal module factory)
[2K[1A[2K[G[5%] setup (context module factory)
[2K[1A[2K[G[6%] setup (before compile)
[2K[1A[2K[G[6%] setup (before compile ProgressPlugin)
[2K[1A[2K[G[6%] setup (before compile)
[2K[1A[2K[G[7%] setup (compile)
[2K[1A[2K[G[7%] setup (compile ExternalsPlugin)
[2K[1A[2K[G[7%] setup (compile)
[2K[1A[2K[G[8%] setup (compilation)
[2K[1A[2K[G[8%] setup (compilation HtmlWebpackPlugin)
[2K[1A[2K[G[8%] setup (compilation CopyPlugin)
[2K[1A[2K[G[8%] setup (compilation ArrayPushCallbackChunkFormatPlugin)
[2K[1A[2K[G[8%] setup (compilation JsonpChunkLoadingPlugin)
[2K[1A[2K[G[8%] setup (compilation StartupChunkDependenciesPlugin)
[2K[1A[2K[G[8%] setup (compilation ImportScriptsChunkLoadingPlugin)
[2K[1A[2K[G[8%] setup (compilation WorkerPlugin)
[2K[1A[2K[G[8%] setup (compilation SplitChunksPlugin)
[2K[1A[2K[G[8%] setup (compilation ResolverCachePlugin)
[2K[1A[2K[G[8%] setup (compilation)
[2K[1A[2K[G[9%] setup (compilation)
[2K[1A[2K[G[9%] setup (compilation vue-loader-plugin)
[2K[1A[2K[G[9%] setup (compilation DefinePlugin)
[2K[1A[2K[G[9%] setup (compilation ProgressPlugin)
[2K[1A[2K[G[9%] setup (compilation EntryPlugin)
[2K[1A[2K[G[9%] setup (compilation ExternalsPlugin)
[2K[1A[2K[G[9%] setup (compilation ChunkPrefetchPreloadPlugin)
[2K[1A[2K[G[9%] setup (compilation ModuleInfoHeaderPlugin)
[2K[1A[2K[G[9%] setup (compilation EvalSourceMapDevToolPlugin)
[2K[1A[2K[G[9%] setup (compilation JavascriptModulesPlugin)
[2K[1A[2K[G[9%] setup (compilation JsonModulesPlugin)
[2K[1A[2K[G[9%] setup (compilation AssetModulesPlugin)
[2K[1A[2K[G[9%] setup (compilation EntryPlugin)
[2K[1A[2K[G[9%] setup (compilation RuntimePlugin)
[2K[1A[2K[G[9%] setup (compilation InferAsyncModulesPlugin)
[2K[1A[2K[G[9%] setup (compilation DataUriPlugin)
[2K[1A[2K[G[9%] setup (compilation FileUriPlugin)
[2K[1A[2K[G[9%] setup (compilation CompatibilityPlugin)
[2K[1A[2K[G[9%] setup (compilation HarmonyModulesPlugin)
[2K[1A[2K[G[9%] setup (compilation AMDPlugin)
[2K[1A[2K[G[9%] setup (compilation RequireJsStuffPlugin)
[2K[1A[2K[G[9%] setup (compilation CommonJsPlugin)
[2K[1A[2K[G[9%] setup (compilation LoaderPlugin)
[2K[1A[2K[G[9%] setup (compilation NodeStuffPlugin)
[2K[1A[2K[G[9%] setup (compilation APIPlugin)
[2K[1A[2K[G[9%] setup (compilation ExportsInfoApiPlugin)
[2K[1A[2K[G[9%] setup (compilation WebpackIsIncludedPlugin)
[2K[1A[2K[G[9%] setup (compilation ConstPlugin)
[2K[1A[2K[G[9%] setup (compilation UseStrictPlugin)
[2K[1A[2K[G[9%] setup (compilation RequireIncludePlugin)
[2K[1A[2K[G[9%] setup (compilation RequireEnsurePlugin)
[2K[1A[2K[G[9%] setup (compilation RequireContextPlugin)
[2K[1A[2K[G[9%] setup (compilation ImportPlugin)
[2K[1A[2K[G[9%] setup (compilation ImportMetaContextPlugin)
[2K[1A[2K[G[9%] setup (compilation SystemPlugin)
[2K[1A[2K[G[9%] setup (compilation ImportMetaPlugin)
[2K[1A[2K[G[9%] setup (compilation URLPlugin)
[2K[1A[2K[G[9%] setup (compilation DefaultStatsFactoryPlugin)
[2K[1A[2K[G[9%] setup (compilation DefaultStatsPresetPlugin)
[2K[1A[2K[G[9%] setup (compilation DefaultStatsPrinterPlugin)
[2K[1A[2K[G[9%] setup (compilation JavascriptMetaInfoPlugin)
[2K[1A[2K[G[9%] setup (compilation EnsureChunkConditionsPlugin)
[2K[1A[2K[G[9%] setup (compilation RemoveEmptyChunksPlugin)
[2K[1A[2K[G[9%] setup (compilation MergeDuplicateChunksPlugin)
[2K[1A[2K[G[9%] setup (compilation SideEffectsFlagPlugin)
[2K[1A[2K[G[9%] setup (compilation FlagDependencyExportsPlugin)
[2K[1A[2K[G[9%] setup (compilation NamedModuleIdsPlugin)
[2K[1A[2K[G[9%] setup (compilation NamedChunkIdsPlugin)
[2K[1A[2K[G[9%] setup (compilation DefinePlugin)
[2K[1A[2K[G[9%] setup (compilation TemplatedPathPlugin)
[2K[1A[2K[G[9%] setup (compilation RecordIdsPlugin)
[2K[1A[2K[G[9%] setup (compilation WarnCaseSensitiveModulesPlugin)
[2K[1A[2K[G[9%] setup (compilation EntryPlugin)
[2K[1A[2K[G[9%] setup (compilation ProvidePlugin)
[2K[1A[2K[G[9%] setup (compilation HotModuleReplacementPlugin)
[2K[1A[2K[G[9%] setup (compilation ProgressPlugin)
[2K[1A[2K[G[9%] setup (compilation)
[2K[1A[2K[G[10%] building 
[2K[1A[2K[G[10%] building (0/0 modules)
[2K[1A[2K[G[24%] building (1/4 modules)
[2K[1A[2K[G[38%] building (16/6 modules)
[2K[1A[2K[G[51%] building (122/9 modules)
[2K[1A[2K[G[65%] building (288/61 modules)
[2K[1A[2K[G[65%] building 
[2K[1A[2K[G[69%] building (finish)
[2K[1A[2K[G[70%] sealing (finish module graph)
[2K[1A[2K[G[70%] sealing (finish module graph ResolverCachePlugin)
[2K[1A[2K[G[70%] sealing (finish module graph InferAsyncModulesPlugin)
[2K[1A[2K[G[70%] sealing (finish module graph FlagDependencyExportsPlugin)
[2K[1A[2K[G[70%] sealing (finish module graph)
[2K[1A[2K[G[71%] sealing (plugins)
[2K[1A[2K[G[71%] sealing (plugins WarnCaseSensitiveModulesPlugin)
[2K[1A[2K[G[71%] sealing (plugins)
[2K[1A[2K[G[71%] sealing (dependencies optimization)
[2K[1A[2K[G[71%] sealing (dependencies optimization SideEffectsFlagPlugin)
[2K[1A[2K[G[71%] sealing (dependencies optimization)
[2K[1A[2K[G[72%] sealing (after dependencies optimization)
[2K[1A[2K[G[73%] sealing (chunk graph)
[2K[1A[2K[G[73%] sealing (after chunk graph)
[2K[1A[2K[G[74%] sealing (optimizing)
[2K[1A[2K[G[74%] sealing (module optimization)
[2K[1A[2K[G[75%] sealing (after module optimization)
[2K[1A[2K[G[76%] sealing (chunk optimization)
[2K[1A[2K[G[76%] sealing (chunk optimization EnsureChunkConditionsPlugin)
[2K[1A[2K[G[76%] sealing (chunk optimization RemoveEmptyChunksPlugin)
[2K[1A[2K[G[76%] sealing (chunk optimization MergeDuplicateChunksPlugin)
[2K[1A[2K[G[76%] sealing (chunk optimization SplitChunksPlugin)
[2K[1A[2K[G[76%] sealing (chunk optimization RemoveEmptyChunksPlugin)
[2K[1A[2K[G[76%] sealing (chunk optimization)
[2K[1A[2K[G[76%] sealing (after chunk optimization)
[2K[1A[2K[G[77%] sealing (module and chunk tree optimization)
[2K[1A[2K[G[77%] sealing (module and chunk tree optimization PersistentChildCompilerSinglet
onPlugin)
[2K[1A[2K[1A[2K[G[77%] sealing (module and chunk tree optimization)
[2K[1A[2K[G[78%] sealing (after module and chunk tree optimization)
[2K[1A[2K[G[78%] sealing (chunk modules optimization)
[2K[1A[2K[G[79%] sealing (after chunk modules optimization)
[2K[1A[2K[G[80%] sealing (module reviving)
[2K[1A[2K[G[80%] sealing (module reviving RecordIdsPlugin)
[2K[1A[2K[G[80%] sealing (module reviving)
[2K[1A[2K[G[80%] sealing (before module ids)
[2K[1A[2K[G[81%] sealing (module ids)
[2K[1A[2K[G[81%] sealing (module ids NamedModuleIdsPlugin)
[2K[1A[2K[G[81%] sealing (module ids)
[2K[1A[2K[G[82%] sealing (module id optimization)
[2K[1A[2K[G[82%] sealing (module id optimization)
[2K[1A[2K[G[83%] sealing (chunk reviving)
[2K[1A[2K[G[83%] sealing (chunk reviving RecordIdsPlugin)
[2K[1A[2K[G[83%] sealing (chunk reviving)
[2K[1A[2K[G[83%] sealing (before chunk ids)
[2K[1A[2K[G[84%] sealing (chunk ids)
[2K[1A[2K[G[84%] sealing (chunk ids NamedChunkIdsPlugin)
[2K[1A[2K[G[84%] sealing (chunk ids)
[2K[1A[2K[G[85%] sealing (chunk id optimization)
[2K[1A[2K[G[85%] sealing (after chunk id optimization)
[2K[1A[2K[G[86%] sealing (record modules)
[2K[1A[2K[G[86%] sealing (record modules RecordIdsPlugin)
[2K[1A[2K[G[86%] sealing (record modules)
[2K[1A[2K[G[87%] sealing (record chunks)
[2K[1A[2K[G[87%] sealing (record chunks RecordIdsPlugin)
[2K[1A[2K[G[87%] sealing (record chunks)
[2K[1A[2K[G[87%] sealing (module hashing)
[2K[1A[2K[G[88%] sealing (code generation)
[2K[1A[2K[G[89%] sealing (runtime requirements)
[2K[1A[2K[G[89%] sealing (hashing)
[2K[1A[2K[G[90%] sealing (after hashing)
[2K[1A[2K[G[91%] sealing (record hash)
[2K[1A[2K[G[91%] sealing (module assets processing)
[2K[1A[2K[G[92%] sealing (chunk assets processing)
[2K[1A[2K[G[92%] sealing (asset processing)
[2K[1A[2K[G[92%] sealing (asset processing copy-webpack-plugin)
[2K[1A[2K[G[92%] sealing (asset processing HotModuleReplacementPlugin)
[2K[1A[2K[G[92%] sealing (asset processing PersistentChildCompilerSingletonPlugin)
[2K[1A[2K[G[92%] sealing (asset processing HtmlWebpackPlugin)
[2K[1A[2K[G[92%] sealing (asset processing)
[2K[1A[2K[G[93%] sealing (after asset optimization)
[2K[1A[2K[G[94%] sealing (recording)
[2K[1A[2K[G[94%] sealing (recording HotModuleReplacementPlugin)
[2K[1A[2K[G[94%] sealing (recording)
[2K[1A[2K[G[94%] sealing (after seal)
[2K[1A[2K[G[95%] emitting (emit)
[2K[1A[2K[G[98%] emitting (after emit)
[2K[1A[2K[GBuild finished at 23:36:21 by 0.000s
[2K[1A[2K[GBuild finished at 23:36:21 by 0.000s
[2K[1A[2K[GBuild finished at 23:36:21 by 0.000s
[2K[1A[2K[G DONE  Compiled successfully in 122ms23:36:21

Build finished at 23:36:21 by 0.000s
[2K[1A[2K[G
  App running at:
  - Local:   http://localhost:8083/ 
  - Network: unavailable

Build finished at 23:36:21 by 0.000s
[2K[1A[2K[GBuild finished at 23:36:21 by 0.000s
[2K[1A[2K[GBuild finished at 23:36:21 by 0.000s
[2K[1A[2K[GBuild finished at 23:36:21 by 0.000s
[2K[1A[2K[GBuild finished at 23:36:21 by 0.000s
[2K[1A[2K[GBuild finished at 23:36:21 by 0.000s
[2K[1A[2K[GBuild finished at 23:36:21 by 0.000s
[2K[1A[2K[GBuild finished at 23:36:21 by 0.000s
[2K[1A[2K[G WAIT  Compiling...23:36:29

Compiling...

[2K[1A[2K[G[1%] cache (end idle)
[2K[1A[2K[G[3%] setup (watch run)
[2K[1A[2K[G[3%] setup (watch run webpack-dev-middleware)
[2K[1A[2K[G[3%] setup (watch run)
[2K[1A[2K[G[4%] setup (normal module factory)
[2K[1A[2K[G[4%] setup (normal module factory CaseSensitivePathsPlugin)
[2K[1A[2K[G[4%] setup (normal module factory)
[2K[1A[2K[G[5%] setup (context module factory)
[2K[1A[2K[G[6%] setup (before compile)
[2K[1A[2K[G[6%] setup (before compile ProgressPlugin)
[2K[1A[2K[G[6%] setup (before compile)
[2K[1A[2K[G[7%] setup (compile)
[2K[1A[2K[G[7%] setup (compile ExternalsPlugin)
[2K[1A[2K[G[7%] setup (compile)
[2K[1A[2K[G[8%] setup (compilation)
[2K[1A[2K[G[8%] setup (compilation HtmlWebpackPlugin)
[2K[1A[2K[G[8%] setup (compilation CopyPlugin)
[2K[1A[2K[G[8%] setup (compilation ArrayPushCallbackChunkFormatPlugin)
[2K[1A[2K[G[8%] setup (compilation JsonpChunkLoadingPlugin)
[2K[1A[2K[G[8%] setup (compilation StartupChunkDependenciesPlugin)
[2K[1A[2K[G[8%] setup (compilation ImportScriptsChunkLoadingPlugin)
[2K[1A[2K[G[8%] setup (compilation WorkerPlugin)
[2K[1A[2K[G[8%] setup (compilation SplitChunksPlugin)
[2K[1A[2K[G[8%] setup (compilation ResolverCachePlugin)
[2K[1A[2K[G[8%] setup (compilation)
[2K[1A[2K[G[9%] setup (compilation)
[2K[1A[2K[G[9%] setup (compilation vue-loader-plugin)
[2K[1A[2K[G[9%] setup (compilation DefinePlugin)
[2K[1A[2K[G[9%] setup (compilation ProgressPlugin)
[2K[1A[2K[G[9%] setup (compilation EntryPlugin)
[2K[1A[2K[G[9%] setup (compilation ExternalsPlugin)
[2K[1A[2K[G[9%] setup (compilation ChunkPrefetchPreloadPlugin)
[2K[1A[2K[G[9%] setup (compilation ModuleInfoHeaderPlugin)
[2K[1A[2K[G[9%] setup (compilation EvalSourceMapDevToolPlugin)
[2K[1A[2K[G[9%] setup (compilation JavascriptModulesPlugin)
[2K[1A[2K[G[9%] setup (compilation JsonModulesPlugin)
[2K[1A[2K[G[9%] setup (compilation AssetModulesPlugin)
[2K[1A[2K[G[9%] setup (compilation EntryPlugin)
[2K[1A[2K[G[9%] setup (compilation RuntimePlugin)
[2K[1A[2K[G[9%] setup (compilation InferAsyncModulesPlugin)
[2K[1A[2K[G[9%] setup (compilation DataUriPlugin)
[2K[1A[2K[G[9%] setup (compilation FileUriPlugin)
[2K[1A[2K[G[9%] setup (compilation CompatibilityPlugin)
[2K[1A[2K[G[9%] setup (compilation HarmonyModulesPlugin)
[2K[1A[2K[G[9%] setup (compilation AMDPlugin)
[2K[1A[2K[G[9%] setup (compilation RequireJsStuffPlugin)
[2K[1A[2K[G[9%] setup (compilation CommonJsPlugin)
[2K[1A[2K[G[9%] setup (compilation LoaderPlugin)
[2K[1A[2K[G[9%] setup (compilation NodeStuffPlugin)
[2K[1A[2K[G[9%] setup (compilation APIPlugin)
[2K[1A[2K[G[9%] setup (compilation ExportsInfoApiPlugin)
[2K[1A[2K[G[9%] setup (compilation WebpackIsIncludedPlugin)
[2K[1A[2K[G[9%] setup (compilation ConstPlugin)
[2K[1A[2K[G[9%] setup (compilation UseStrictPlugin)
[2K[1A[2K[G[9%] setup (compilation RequireIncludePlugin)
[2K[1A[2K[G[9%] setup (compilation RequireEnsurePlugin)
[2K[1A[2K[G[9%] setup (compilation RequireContextPlugin)
[2K[1A[2K[G[9%] setup (compilation ImportPlugin)
[2K[1A[2K[G[9%] setup (compilation ImportMetaContextPlugin)
[2K[1A[2K[G[9%] setup (compilation SystemPlugin)
[2K[1A[2K[G[9%] setup (compilation ImportMetaPlugin)
[2K[1A[2K[G[9%] setup (compilation URLPlugin)
[2K[1A[2K[G[9%] setup (compilation DefaultStatsFactoryPlugin)
[2K[1A[2K[G[9%] setup (compilation DefaultStatsPresetPlugin)
[2K[1A[2K[G[9%] setup (compilation DefaultStatsPrinterPlugin)
[2K[1A[2K[G[9%] setup (compilation JavascriptMetaInfoPlugin)
[2K[1A[2K[G[9%] setup (compilation EnsureChunkConditionsPlugin)
[2K[1A[2K[G[9%] setup (compilation RemoveEmptyChunksPlugin)
[2K[1A[2K[G[9%] setup (compilation MergeDuplicateChunksPlugin)
[2K[1A[2K[G[9%] setup (compilation SideEffectsFlagPlugin)
[2K[1A[2K[G[9%] setup (compilation FlagDependencyExportsPlugin)
[2K[1A[2K[G[9%] setup (compilation NamedModuleIdsPlugin)
[2K[1A[2K[G[9%] setup (compilation NamedChunkIdsPlugin)
[2K[1A[2K[G[9%] setup (compilation DefinePlugin)
[2K[1A[2K[G[9%] setup (compilation TemplatedPathPlugin)
[2K[1A[2K[G[9%] setup (compilation RecordIdsPlugin)
[2K[1A[2K[G[9%] setup (compilation WarnCaseSensitiveModulesPlugin)
[2K[1A[2K[G[9%] setup (compilation EntryPlugin)
[2K[1A[2K[G[9%] setup (compilation ProvidePlugin)
[2K[1A[2K[G[9%] setup (compilation HotModuleReplacementPlugin)
[2K[1A[2K[G[9%] setup (compilation ProgressPlugin)
[2K[1A[2K[G[9%] setup (compilation)
[2K[1A[2K[G[10%] building 
[2K[1A[2K[G[10%] building (0/0 modules)
[2K[1A[2K[G[24%] building (5/5 modules)
[2K[1A[2K[G[38%] building (16/6 modules)
[2K[1A[2K[G[51%] building (122/9 modules)
[2K[1A[2K[G[65%] building (288/61 modules)
[2K[1A[2K[G[65%] building 
[2K[1A[2K[G[69%] building (finish)
[2K[1A[2K[G[70%] sealing (finish module graph)
[2K[1A[2K[G[70%] sealing (finish module graph ResolverCachePlugin)
[2K[1A[2K[G[70%] sealing (finish module graph InferAsyncModulesPlugin)
[2K[1A[2K[G[70%] sealing (finish module graph FlagDependencyExportsPlugin)
[2K[1A[2K[G[70%] sealing (finish module graph)
[2K[1A[2K[G[71%] sealing (plugins)
[2K[1A[2K[G[71%] sealing (plugins WarnCaseSensitiveModulesPlugin)
[2K[1A[2K[G[71%] sealing (plugins)
[2K[1A[2K[G[71%] sealing (dependencies optimization)
[2K[1A[2K[G[71%] sealing (dependencies optimization SideEffectsFlagPlugin)
[2K[1A[2K[G[71%] sealing (dependencies optimization)
[2K[1A[2K[G[72%] sealing (after dependencies optimization)
[2K[1A[2K[G[73%] sealing (chunk graph)
[2K[1A[2K[G[73%] sealing (after chunk graph)
[2K[1A[2K[G[74%] sealing (optimizing)
[2K[1A[2K[G[74%] sealing (module optimization)
[2K[1A[2K[G[75%] sealing (after module optimization)
[2K[1A[2K[G[76%] sealing (chunk optimization)
[2K[1A[2K[G[76%] sealing (chunk optimization EnsureChunkConditionsPlugin)
[2K[1A[2K[G[76%] sealing (chunk optimization RemoveEmptyChunksPlugin)
[2K[1A[2K[G[76%] sealing (chunk optimization MergeDuplicateChunksPlugin)
[2K[1A[2K[G[76%] sealing (chunk optimization SplitChunksPlugin)
[2K[1A[2K[G[76%] sealing (chunk optimization RemoveEmptyChunksPlugin)
[2K[1A[2K[G[76%] sealing (chunk optimization)
[2K[1A[2K[G[76%] sealing (after chunk optimization)
[2K[1A[2K[G[77%] sealing (module and chunk tree optimization)
[2K[1A[2K[G[77%] sealing (module and chunk tree optimization PersistentChildCompilerSinglet
onPlugin)
[2K[1A[2K[1A[2K[G[77%] sealing (module and chunk tree optimization)
[2K[1A[2K[G[78%] sealing (after module and chunk tree optimization)
[2K[1A[2K[G[78%] sealing (chunk modules optimization)
[2K[1A[2K[G[79%] sealing (after chunk modules optimization)
[2K[1A[2K[G[80%] sealing (module reviving)
[2K[1A[2K[G[80%] sealing (module reviving RecordIdsPlugin)
[2K[1A[2K[G[80%] sealing (module reviving)
[2K[1A[2K[G[80%] sealing (before module ids)
[2K[1A[2K[G[81%] sealing (module ids)
[2K[1A[2K[G[81%] sealing (module ids NamedModuleIdsPlugin)
[2K[1A[2K[G[81%] sealing (module ids)
[2K[1A[2K[G[82%] sealing (module id optimization)
[2K[1A[2K[G[82%] sealing (module id optimization)
[2K[1A[2K[G[83%] sealing (chunk reviving)
[2K[1A[2K[G[83%] sealing (chunk reviving RecordIdsPlugin)
[2K[1A[2K[G[83%] sealing (chunk reviving)
[2K[1A[2K[G[83%] sealing (before chunk ids)
[2K[1A[2K[G[84%] sealing (chunk ids)
[2K[1A[2K[G[84%] sealing (chunk ids NamedChunkIdsPlugin)
[2K[1A[2K[G[84%] sealing (chunk ids)
[2K[1A[2K[G[85%] sealing (chunk id optimization)
[2K[1A[2K[G[85%] sealing (after chunk id optimization)
[2K[1A[2K[G[86%] sealing (record modules)
[2K[1A[2K[G[86%] sealing (record modules RecordIdsPlugin)
[2K[1A[2K[G[86%] sealing (record modules)
[2K[1A[2K[G[87%] sealing (record chunks)
[2K[1A[2K[G[87%] sealing (record chunks RecordIdsPlugin)
[2K[1A[2K[G[87%] sealing (record chunks)
[2K[1A[2K[G[87%] sealing (module hashing)
[2K[1A[2K[G[88%] sealing (code generation)
[2K[1A[2K[G[89%] sealing (runtime requirements)
[2K[1A[2K[G[89%] sealing (hashing)
[2K[1A[2K[G[90%] sealing (after hashing)
[2K[1A[2K[G[91%] sealing (record hash)
[2K[1A[2K[G[91%] sealing (module assets processing)
[2K[1A[2K[G[92%] sealing (chunk assets processing)
[2K[1A[2K[G[92%] sealing (asset processing)
[2K[1A[2K[G[92%] sealing (asset processing copy-webpack-plugin)
[2K[1A[2K[G[92%] sealing (asset processing HotModuleReplacementPlugin)
[2K[1A[2K[G[92%] sealing (asset processing PersistentChildCompilerSingletonPlugin)
[2K[1A[2K[G[92%] sealing (asset processing HtmlWebpackPlugin)
[2K[1A[2K[G[92%] sealing (asset processing)
[2K[1A[2K[G[93%] sealing (after asset optimization)
[2K[1A[2K[G[94%] sealing (recording)
[2K[1A[2K[G[94%] sealing (recording HotModuleReplacementPlugin)
[2K[1A[2K[G[94%] sealing (recording)
[2K[1A[2K[G[94%] sealing (after seal)
[2K[1A[2K[G[95%] emitting (emit)
[2K[1A[2K[G[98%] emitting (after emit)
[2K[1A[2K[GBuild finished at 23:36:29 by 0.000s
[2K[1A[2K[GBuild finished at 23:36:29 by 0.000s
[2K[1A[2K[GBuild finished at 23:36:29 by 0.000s
[2K[1A[2K[G DONE  Compiled successfully in 133ms23:36:29

Build finished at 23:36:29 by 0.000s
[2K[1A[2K[G
  App running at:
  - Local:   http://localhost:8083/ 
  - Network: unavailable

Build finished at 23:36:29 by 0.000s
[2K[1A[2K[GBuild finished at 23:36:29 by 0.000s
[2K[1A[2K[GBuild finished at 23:36:29 by 0.000s
[2K[1A[2K[GBuild finished at 23:36:29 by 0.000s
[2K[1A[2K[GBuild finished at 23:36:29 by 0.000s
[2K[1A[2K[GBuild finished at 23:36:29 by 0.000s
[2K[1A[2K[GBuild finished at 23:36:29 by 0.000s
[2K[1A[2K[GBuild finished at 23:36:29 by 0.000s
[2K[1A[2K[G WAIT  Compiling...23:38:26

Compiling...

[2K[1A[2K[G[1%] cache (end idle)
[2K[1A[2K[G[3%] setup (watch run)
[2K[1A[2K[G[3%] setup (watch run webpack-dev-middleware)
[2K[1A[2K[G[3%] setup (watch run)
[2K[1A[2K[G[4%] setup (normal module factory)
[2K[1A[2K[G[4%] setup (normal module factory CaseSensitivePathsPlugin)
[2K[1A[2K[G[4%] setup (normal module factory)
[2K[1A[2K[G[5%] setup (context module factory)
[2K[1A[2K[G[6%] setup (before compile)
[2K[1A[2K[G[6%] setup (before compile ProgressPlugin)
[2K[1A[2K[G[6%] setup (before compile)
[2K[1A[2K[G[7%] setup (compile)
[2K[1A[2K[G[7%] setup (compile ExternalsPlugin)
[2K[1A[2K[G[7%] setup (compile)
[2K[1A[2K[G[8%] setup (compilation)
[2K[1A[2K[G[8%] setup (compilation HtmlWebpackPlugin)
[2K[1A[2K[G[8%] setup (compilation CopyPlugin)
[2K[1A[2K[G[8%] setup (compilation ArrayPushCallbackChunkFormatPlugin)
[2K[1A[2K[G[8%] setup (compilation JsonpChunkLoadingPlugin)
[2K[1A[2K[G[8%] setup (compilation StartupChunkDependenciesPlugin)
[2K[1A[2K[G[8%] setup (compilation ImportScriptsChunkLoadingPlugin)
[2K[1A[2K[G[8%] setup (compilation WorkerPlugin)
[2K[1A[2K[G[8%] setup (compilation SplitChunksPlugin)
[2K[1A[2K[G[8%] setup (compilation ResolverCachePlugin)
[2K[1A[2K[G[8%] setup (compilation)
[2K[1A[2K[G[9%] setup (compilation)
[2K[1A[2K[G[9%] setup (compilation vue-loader-plugin)
[2K[1A[2K[G[9%] setup (compilation DefinePlugin)
[2K[1A[2K[G[9%] setup (compilation ProgressPlugin)
[2K[1A[2K[G[9%] setup (compilation EntryPlugin)
[2K[1A[2K[G[9%] setup (compilation ExternalsPlugin)
[2K[1A[2K[G[9%] setup (compilation ChunkPrefetchPreloadPlugin)
[2K[1A[2K[G[9%] setup (compilation ModuleInfoHeaderPlugin)
[2K[1A[2K[G[9%] setup (compilation EvalSourceMapDevToolPlugin)
[2K[1A[2K[G[9%] setup (compilation JavascriptModulesPlugin)
[2K[1A[2K[G[9%] setup (compilation JsonModulesPlugin)
[2K[1A[2K[G[9%] setup (compilation AssetModulesPlugin)
[2K[1A[2K[G[9%] setup (compilation EntryPlugin)
[2K[1A[2K[G[9%] setup (compilation RuntimePlugin)
[2K[1A[2K[G[9%] setup (compilation InferAsyncModulesPlugin)
[2K[1A[2K[G[9%] setup (compilation DataUriPlugin)
[2K[1A[2K[G[9%] setup (compilation FileUriPlugin)
[2K[1A[2K[G[9%] setup (compilation CompatibilityPlugin)
[2K[1A[2K[G[9%] setup (compilation HarmonyModulesPlugin)
[2K[1A[2K[G[9%] setup (compilation AMDPlugin)
[2K[1A[2K[G[9%] setup (compilation RequireJsStuffPlugin)
[2K[1A[2K[G[9%] setup (compilation CommonJsPlugin)
[2K[1A[2K[G[9%] setup (compilation LoaderPlugin)
[2K[1A[2K[G[9%] setup (compilation NodeStuffPlugin)
[2K[1A[2K[G[9%] setup (compilation APIPlugin)
[2K[1A[2K[G[9%] setup (compilation ExportsInfoApiPlugin)
[2K[1A[2K[G[9%] setup (compilation WebpackIsIncludedPlugin)
[2K[1A[2K[G[9%] setup (compilation ConstPlugin)
[2K[1A[2K[G[9%] setup (compilation UseStrictPlugin)
[2K[1A[2K[G[9%] setup (compilation RequireIncludePlugin)
[2K[1A[2K[G[9%] setup (compilation RequireEnsurePlugin)
[2K[1A[2K[G[9%] setup (compilation RequireContextPlugin)
[2K[1A[2K[G[9%] setup (compilation ImportPlugin)
[2K[1A[2K[G[9%] setup (compilation ImportMetaContextPlugin)
[2K[1A[2K[G[9%] setup (compilation SystemPlugin)
[2K[1A[2K[G[9%] setup (compilation ImportMetaPlugin)
[2K[1A[2K[G[9%] setup (compilation URLPlugin)
[2K[1A[2K[G[9%] setup (compilation DefaultStatsFactoryPlugin)
[2K[1A[2K[G[9%] setup (compilation DefaultStatsPresetPlugin)
[2K[1A[2K[G[9%] setup (compilation DefaultStatsPrinterPlugin)
[2K[1A[2K[G[9%] setup (compilation JavascriptMetaInfoPlugin)
[2K[1A[2K[G[9%] setup (compilation EnsureChunkConditionsPlugin)
[2K[1A[2K[G[9%] setup (compilation RemoveEmptyChunksPlugin)
[2K[1A[2K[G[9%] setup (compilation MergeDuplicateChunksPlugin)
[2K[1A[2K[G[9%] setup (compilation SideEffectsFlagPlugin)
[2K[1A[2K[G[9%] setup (compilation FlagDependencyExportsPlugin)
[2K[1A[2K[G[9%] setup (compilation NamedModuleIdsPlugin)
[2K[1A[2K[G[9%] setup (compilation NamedChunkIdsPlugin)
[2K[1A[2K[G[9%] setup (compilation DefinePlugin)
[2K[1A[2K[G[9%] setup (compilation TemplatedPathPlugin)
[2K[1A[2K[G[9%] setup (compilation RecordIdsPlugin)
[2K[1A[2K[G[9%] setup (compilation WarnCaseSensitiveModulesPlugin)
[2K[1A[2K[G[9%] setup (compilation EntryPlugin)
[2K[1A[2K[G[9%] setup (compilation ProvidePlugin)
[2K[1A[2K[G[9%] setup (compilation HotModuleReplacementPlugin)
[2K[1A[2K[G[9%] setup (compilation ProgressPlugin)
[2K[1A[2K[G[9%] setup (compilation)
[2K[1A[2K[G[10%] building 
[2K[1A[2K[G[10%] building (0/0 modules)
[2K[1A[2K[G[24%] building (1/5 modules)
[2K[1A[2K[G[38%] building (65/13 modules)
[2K[1A[2K[G[51%] building (121/23 modules)
[2K[1A[2K[G[51%] building (import loader @vue/vue-loader-v15/lib/index.js)
[2K[1A[2K[G[51%] building (274/54 modules)
[2K[1A[2K[G[51%] building (import loader babel-loader/lib/index.js)
[2K[1A[2K[G[51%] building (import loader @vue/vue-loader-v15/lib/loaders/templateLoader.js)
[2K[1A[2K[G[51%] building (274/61 modules)
[2K[1A[2K[G[51%] building (import loader css-loader/dist/cjs.js)
[2K[1A[2K[G[51%] building (import loader @vue/vue-loader-v15/lib/loaders/stylePostLoader.js
)
[2K[1A[2K[1A[2K[G[51%] building (import loader postcss-loader/dist/cjs.js)
[2K[1A[2K[G[51%] building (274/64 modules)
[2K[1A[2K[G[65%] building (288/75 modules)
[2K[1A[2K[G[65%] building 
[2K[1A[2K[G[69%] building (finish)
[2K[1A[2K[G[70%] sealing (finish module graph)
[2K[1A[2K[G[70%] sealing (finish module graph ResolverCachePlugin)
[2K[1A[2K[G[70%] sealing (finish module graph InferAsyncModulesPlugin)
[2K[1A[2K[G[70%] sealing (finish module graph FlagDependencyExportsPlugin)
[2K[1A[2K[G[70%] sealing (finish module graph)
[2K[1A[2K[G[71%] sealing (plugins)
[2K[1A[2K[G[71%] sealing (plugins WarnCaseSensitiveModulesPlugin)
[2K[1A[2K[G[71%] sealing (plugins)
[2K[1A[2K[G[71%] sealing (dependencies optimization)
[2K[1A[2K[G[71%] sealing (dependencies optimization SideEffectsFlagPlugin)
[2K[1A[2K[G[71%] sealing (dependencies optimization)
[2K[1A[2K[G[72%] sealing (after dependencies optimization)
[2K[1A[2K[G[73%] sealing (chunk graph)
[2K[1A[2K[G[73%] sealing (after chunk graph)
[2K[1A[2K[G[74%] sealing (optimizing)
[2K[1A[2K[G[74%] sealing (module optimization)
[2K[1A[2K[G[75%] sealing (after module optimization)
[2K[1A[2K[G[76%] sealing (chunk optimization)
[2K[1A[2K[G[76%] sealing (chunk optimization EnsureChunkConditionsPlugin)
[2K[1A[2K[G[76%] sealing (chunk optimization RemoveEmptyChunksPlugin)
[2K[1A[2K[G[76%] sealing (chunk optimization MergeDuplicateChunksPlugin)
[2K[1A[2K[G[76%] sealing (chunk optimization SplitChunksPlugin)
[2K[1A[2K[G[76%] sealing (chunk optimization RemoveEmptyChunksPlugin)
[2K[1A[2K[G[76%] sealing (chunk optimization)
[2K[1A[2K[G[76%] sealing (after chunk optimization)
[2K[1A[2K[G[77%] sealing (module and chunk tree optimization)
[2K[1A[2K[G[77%] sealing (module and chunk tree optimization PersistentChildCompilerSinglet
onPlugin)
[2K[1A[2K[1A[2K[G[77%] sealing (module and chunk tree optimization)
[2K[1A[2K[G[78%] sealing (after module and chunk tree optimization)
[2K[1A[2K[G[78%] sealing (chunk modules optimization)
[2K[1A[2K[G[79%] sealing (after chunk modules optimization)
[2K[1A[2K[G[80%] sealing (module reviving)
[2K[1A[2K[G[80%] sealing (module reviving RecordIdsPlugin)
[2K[1A[2K[G[80%] sealing (module reviving)
[2K[1A[2K[G[80%] sealing (before module ids)
[2K[1A[2K[G[81%] sealing (module ids)
[2K[1A[2K[G[81%] sealing (module ids NamedModuleIdsPlugin)
[2K[1A[2K[G[81%] sealing (module ids)
[2K[1A[2K[G[82%] sealing (module id optimization)
[2K[1A[2K[G[82%] sealing (module id optimization)
[2K[1A[2K[G[83%] sealing (chunk reviving)
[2K[1A[2K[G[83%] sealing (chunk reviving RecordIdsPlugin)
[2K[1A[2K[G[83%] sealing (chunk reviving)
[2K[1A[2K[G[83%] sealing (before chunk ids)
[2K[1A[2K[G[84%] sealing (chunk ids)
[2K[1A[2K[G[84%] sealing (chunk ids NamedChunkIdsPlugin)
[2K[1A[2K[G[84%] sealing (chunk ids)
[2K[1A[2K[G[85%] sealing (chunk id optimization)
[2K[1A[2K[G[85%] sealing (after chunk id optimization)
[2K[1A[2K[G[86%] sealing (record modules)
[2K[1A[2K[G[86%] sealing (record modules RecordIdsPlugin)
[2K[1A[2K[G[86%] sealing (record modules)
[2K[1A[2K[G[87%] sealing (record chunks)
[2K[1A[2K[G[87%] sealing (record chunks RecordIdsPlugin)
[2K[1A[2K[G[87%] sealing (record chunks)
[2K[1A[2K[G[87%] sealing (module hashing)
[2K[1A[2K[G[88%] sealing (code generation)
[2K[1A[2K[G[89%] sealing (runtime requirements)
[2K[1A[2K[G[89%] sealing (hashing)
[2K[1A[2K[G[90%] sealing (after hashing)
[2K[1A[2K[G[91%] sealing (record hash)
[2K[1A[2K[G[91%] sealing (module assets processing)
[2K[1A[2K[G[92%] sealing (chunk assets processing)
[2K[1A[2K[G[92%] sealing (asset processing)
[2K[1A[2K[G[92%] sealing (asset processing copy-webpack-plugin)
[2K[1A[2K[G[92%] sealing (asset processing HotModuleReplacementPlugin)
[2K[1A[2K[G[92%] sealing (asset processing PersistentChildCompilerSingletonPlugin)
[2K[1A[2K[G[92%] sealing (asset processing HtmlWebpackPlugin)
[2K[1A[2K[G[92%] sealing (asset processing)
[2K[1A[2K[G[93%] sealing (after asset optimization)
[2K[1A[2K[G[94%] sealing (recording)
[2K[1A[2K[G[94%] sealing (recording HotModuleReplacementPlugin)
[2K[1A[2K[G[94%] sealing (recording)
[2K[1A[2K[G[94%] sealing (after seal)
[2K[1A[2K[G[95%] emitting (emit)
[2K[1A[2K[G[98%] emitting (after emit)
[2K[1A[2K[GBuild finished at 23:38:26 by 0.000s
[2K[1A[2K[GBuild finished at 23:38:26 by 0.000s
[2K[1A[2K[GBuild finished at 23:38:26 by 0.000s
[2K[1A[2K[G DONE  Compiled successfully in 371ms23:38:26

Build finished at 23:38:26 by 0.000s
[2K[1A[2K[G
  App running at:
  - Local:   http://localhost:8083/ 
  - Network: unavailable

Build finished at 23:38:26 by 0.000s
[2K[1A[2K[GBuild finished at 23:38:26 by 0.000s
[2K[1A[2K[GBuild finished at 23:38:26 by 0.000s
[2K[1A[2K[GBuild finished at 23:38:26 by 0.000s
[2K[1A[2K[GBuild finished at 23:38:26 by 0.000s
[2K[1A[2K[GBuild finished at 23:38:26 by 0.000s
[2K[1A[2K[GBuild finished at 23:38:26 by 0.000s
[2K[1A[2K[GBuild finished at 23:38:26 by 0.000s
[2K[1A[2K[G WAIT  Compiling...00:18:02

Compiling...

[2K[1A[2K[G[1%] cache (end idle)
[2K[1A[2K[G[3%] setup (watch run)
[2K[1A[2K[G[3%] setup (watch run webpack-dev-middleware)
[2K[1A[2K[G[3%] setup (watch run)
[2K[1A[2K[G[4%] setup (normal module factory)
[2K[1A[2K[G[4%] setup (normal module factory CaseSensitivePathsPlugin)
[2K[1A[2K[G[4%] setup (normal module factory)
[2K[1A[2K[G[5%] setup (context module factory)
[2K[1A[2K[G[6%] setup (before compile)
[2K[1A[2K[G[6%] setup (before compile ProgressPlugin)
[2K[1A[2K[G[6%] setup (before compile)
[2K[1A[2K[G[7%] setup (compile)
[2K[1A[2K[G[7%] setup (compile ExternalsPlugin)
[2K[1A[2K[G[7%] setup (compile)
[2K[1A[2K[G[8%] setup (compilation)
[2K[1A[2K[G[8%] setup (compilation HtmlWebpackPlugin)
[2K[1A[2K[G[8%] setup (compilation CopyPlugin)
[2K[1A[2K[G[8%] setup (compilation ArrayPushCallbackChunkFormatPlugin)
[2K[1A[2K[G[8%] setup (compilation JsonpChunkLoadingPlugin)
[2K[1A[2K[G[8%] setup (compilation StartupChunkDependenciesPlugin)
[2K[1A[2K[G[8%] setup (compilation ImportScriptsChunkLoadingPlugin)
[2K[1A[2K[G[8%] setup (compilation WorkerPlugin)
[2K[1A[2K[G[8%] setup (compilation SplitChunksPlugin)
[2K[1A[2K[G[8%] setup (compilation ResolverCachePlugin)
[2K[1A[2K[G[8%] setup (compilation)
[2K[1A[2K[G[9%] setup (compilation)
[2K[1A[2K[G[9%] setup (compilation vue-loader-plugin)
[2K[1A[2K[G[9%] setup (compilation DefinePlugin)
[2K[1A[2K[G[9%] setup (compilation ProgressPlugin)
[2K[1A[2K[G[9%] setup (compilation EntryPlugin)
[2K[1A[2K[G[9%] setup (compilation ExternalsPlugin)
[2K[1A[2K[G[9%] setup (compilation ChunkPrefetchPreloadPlugin)
[2K[1A[2K[G[9%] setup (compilation ModuleInfoHeaderPlugin)
[2K[1A[2K[G[9%] setup (compilation EvalSourceMapDevToolPlugin)
[2K[1A[2K[G[9%] setup (compilation JavascriptModulesPlugin)
[2K[1A[2K[G[9%] setup (compilation JsonModulesPlugin)
[2K[1A[2K[G[9%] setup (compilation AssetModulesPlugin)
[2K[1A[2K[G[9%] setup (compilation EntryPlugin)
[2K[1A[2K[G[9%] setup (compilation RuntimePlugin)
[2K[1A[2K[G[9%] setup (compilation InferAsyncModulesPlugin)
[2K[1A[2K[G[9%] setup (compilation DataUriPlugin)
[2K[1A[2K[G[9%] setup (compilation FileUriPlugin)
[2K[1A[2K[G[9%] setup (compilation CompatibilityPlugin)
[2K[1A[2K[G[9%] setup (compilation HarmonyModulesPlugin)
[2K[1A[2K[G[9%] setup (compilation AMDPlugin)
[2K[1A[2K[G[9%] setup (compilation RequireJsStuffPlugin)
[2K[1A[2K[G[9%] setup (compilation CommonJsPlugin)
[2K[1A[2K[G[9%] setup (compilation LoaderPlugin)
[2K[1A[2K[G[9%] setup (compilation NodeStuffPlugin)
[2K[1A[2K[G[9%] setup (compilation APIPlugin)
[2K[1A[2K[G[9%] setup (compilation ExportsInfoApiPlugin)
[2K[1A[2K[G[9%] setup (compilation WebpackIsIncludedPlugin)
[2K[1A[2K[G[9%] setup (compilation ConstPlugin)
[2K[1A[2K[G[9%] setup (compilation UseStrictPlugin)
[2K[1A[2K[G[9%] setup (compilation RequireIncludePlugin)
[2K[1A[2K[G[9%] setup (compilation RequireEnsurePlugin)
[2K[1A[2K[G[9%] setup (compilation RequireContextPlugin)
[2K[1A[2K[G[9%] setup (compilation ImportPlugin)
[2K[1A[2K[G[9%] setup (compilation ImportMetaContextPlugin)
[2K[1A[2K[G[9%] setup (compilation SystemPlugin)
[2K[1A[2K[G[9%] setup (compilation ImportMetaPlugin)
[2K[1A[2K[G[9%] setup (compilation URLPlugin)
[2K[1A[2K[G[9%] setup (compilation DefaultStatsFactoryPlugin)
[2K[1A[2K[G[9%] setup (compilation DefaultStatsPresetPlugin)
[2K[1A[2K[G[9%] setup (compilation DefaultStatsPrinterPlugin)
[2K[1A[2K[G[9%] setup (compilation JavascriptMetaInfoPlugin)
[2K[1A[2K[G[9%] setup (compilation EnsureChunkConditionsPlugin)
[2K[1A[2K[G[9%] setup (compilation RemoveEmptyChunksPlugin)
[2K[1A[2K[G[9%] setup (compilation MergeDuplicateChunksPlugin)
[2K[1A[2K[G[9%] setup (compilation SideEffectsFlagPlugin)
[2K[1A[2K[G[9%] setup (compilation FlagDependencyExportsPlugin)
[2K[1A[2K[G[9%] setup (compilation NamedModuleIdsPlugin)
[2K[1A[2K[G[9%] setup (compilation NamedChunkIdsPlugin)
[2K[1A[2K[G[9%] setup (compilation DefinePlugin)
[2K[1A[2K[G[9%] setup (compilation TemplatedPathPlugin)
[2K[1A[2K[G[9%] setup (compilation RecordIdsPlugin)
[2K[1A[2K[G[9%] setup (compilation WarnCaseSensitiveModulesPlugin)
[2K[1A[2K[G[9%] setup (compilation EntryPlugin)
[2K[1A[2K[G[9%] setup (compilation ProvidePlugin)
[2K[1A[2K[G[9%] setup (compilation HotModuleReplacementPlugin)
[2K[1A[2K[G[9%] setup (compilation ProgressPlugin)
[2K[1A[2K[G[9%] setup (compilation)
[2K[1A[2K[G[10%] building 
[2K[1A[2K[G[10%] building (0/0 modules)
[2K[1A[2K[G[24%] building (1/4 modules)
[2K[1A[2K[G[38%] building (70/23 modules)
[2K[1A[2K[G[51%] building (73/23 modules)
[2K[1A[2K[G[51%] building (import loader @vue/vue-loader-v15/lib/index.js)
[2K[1A[2K[G[51%] building (274/54 modules)
[2K[1A[2K[G[51%] building (import loader babel-loader/lib/index.js)
[2K[1A[2K[G[51%] building (import loader @vue/vue-loader-v15/lib/loaders/templateLoader.js)
[2K[1A[2K[G[51%] building (274/61 modules)
[2K[1A[2K[G[51%] building (import loader css-loader/dist/cjs.js)
[2K[1A[2K[G[51%] building (import loader @vue/vue-loader-v15/lib/loaders/stylePostLoader.js
)
[2K[1A[2K[1A[2K[G[51%] building (import loader postcss-loader/dist/cjs.js)
[2K[1A[2K[G[51%] building (274/63 modules)
[2K[1A[2K[G[65%] building (288/76 modules)
[2K[1A[2K[G[65%] building 
[2K[1A[2K[G[69%] building (finish)
[2K[1A[2K[G[70%] sealing (finish module graph)
[2K[1A[2K[G[70%] sealing (finish module graph ResolverCachePlugin)
[2K[1A[2K[G[70%] sealing (finish module graph InferAsyncModulesPlugin)
[2K[1A[2K[G[70%] sealing (finish module graph FlagDependencyExportsPlugin)
[2K[1A[2K[G[70%] sealing (finish module graph)
[2K[1A[2K[G[71%] sealing (plugins)
[2K[1A[2K[G[71%] sealing (plugins WarnCaseSensitiveModulesPlugin)
[2K[1A[2K[G[71%] sealing (plugins)
[2K[1A[2K[G[71%] sealing (dependencies optimization)
[2K[1A[2K[G[71%] sealing (dependencies optimization SideEffectsFlagPlugin)
[2K[1A[2K[G[71%] sealing (dependencies optimization)
[2K[1A[2K[G[72%] sealing (after dependencies optimization)
[2K[1A[2K[G[73%] sealing (chunk graph)
[2K[1A[2K[G[73%] sealing (after chunk graph)
[2K[1A[2K[G[74%] sealing (optimizing)
[2K[1A[2K[G[74%] sealing (module optimization)
[2K[1A[2K[G[75%] sealing (after module optimization)
[2K[1A[2K[G[76%] sealing (chunk optimization)
[2K[1A[2K[G[76%] sealing (chunk optimization EnsureChunkConditionsPlugin)
[2K[1A[2K[G[76%] sealing (chunk optimization RemoveEmptyChunksPlugin)
[2K[1A[2K[G[76%] sealing (chunk optimization MergeDuplicateChunksPlugin)
[2K[1A[2K[G[76%] sealing (chunk optimization SplitChunksPlugin)
[2K[1A[2K[G[76%] sealing (chunk optimization RemoveEmptyChunksPlugin)
[2K[1A[2K[G[76%] sealing (chunk optimization)
[2K[1A[2K[G[76%] sealing (after chunk optimization)
[2K[1A[2K[G[77%] sealing (module and chunk tree optimization)
[2K[1A[2K[G[77%] sealing (module and chunk tree optimization PersistentChildCompilerSinglet
onPlugin)
[2K[1A[2K[1A[2K[G[77%] sealing (module and chunk tree optimization)
[2K[1A[2K[G[78%] sealing (after module and chunk tree optimization)
[2K[1A[2K[G[78%] sealing (chunk modules optimization)
[2K[1A[2K[G[79%] sealing (after chunk modules optimization)
[2K[1A[2K[G[80%] sealing (module reviving)
[2K[1A[2K[G[80%] sealing (module reviving RecordIdsPlugin)
[2K[1A[2K[G[80%] sealing (module reviving)
[2K[1A[2K[G[80%] sealing (before module ids)
[2K[1A[2K[G[81%] sealing (module ids)
[2K[1A[2K[G[81%] sealing (module ids NamedModuleIdsPlugin)
[2K[1A[2K[G[81%] sealing (module ids)
[2K[1A[2K[G[82%] sealing (module id optimization)
[2K[1A[2K[G[82%] sealing (module id optimization)
[2K[1A[2K[G[83%] sealing (chunk reviving)
[2K[1A[2K[G[83%] sealing (chunk reviving RecordIdsPlugin)
[2K[1A[2K[G[83%] sealing (chunk reviving)
[2K[1A[2K[G[83%] sealing (before chunk ids)
[2K[1A[2K[G[84%] sealing (chunk ids)
[2K[1A[2K[G[84%] sealing (chunk ids NamedChunkIdsPlugin)
[2K[1A[2K[G[84%] sealing (chunk ids)
[2K[1A[2K[G[85%] sealing (chunk id optimization)
[2K[1A[2K[G[85%] sealing (after chunk id optimization)
[2K[1A[2K[G[86%] sealing (record modules)
[2K[1A[2K[G[86%] sealing (record modules RecordIdsPlugin)
[2K[1A[2K[G[86%] sealing (record modules)
[2K[1A[2K[G[87%] sealing (record chunks)
[2K[1A[2K[G[87%] sealing (record chunks RecordIdsPlugin)
[2K[1A[2K[G[87%] sealing (record chunks)
[2K[1A[2K[G[87%] sealing (module hashing)
[2K[1A[2K[G[88%] sealing (code generation)
[2K[1A[2K[G[89%] sealing (runtime requirements)
[2K[1A[2K[G[89%] sealing (hashing)
[2K[1A[2K[G[90%] sealing (after hashing)
[2K[1A[2K[G[91%] sealing (record hash)
[2K[1A[2K[G[91%] sealing (module assets processing)
[2K[1A[2K[G[92%] sealing (chunk assets processing)
[2K[1A[2K[G[92%] sealing (asset processing)
[2K[1A[2K[G[92%] sealing (asset processing copy-webpack-plugin)
[2K[1A[2K[G[92%] sealing (asset processing HotModuleReplacementPlugin)
[2K[1A[2K[G[92%] sealing (asset processing PersistentChildCompilerSingletonPlugin)
[2K[1A[2K[G[92%] sealing (asset processing HtmlWebpackPlugin)
[2K[1A[2K[G[92%] sealing (asset processing)
[2K[1A[2K[G[93%] sealing (after asset optimization)
[2K[1A[2K[G[94%] sealing (recording)
[2K[1A[2K[G[94%] sealing (recording HotModuleReplacementPlugin)
[2K[1A[2K[G[94%] sealing (recording)
[2K[1A[2K[G[94%] sealing (after seal)
[2K[1A[2K[G[95%] emitting (emit)
[2K[1A[2K[G[98%] emitting (after emit)
[2K[1A[2K[GBuild finished at 00:18:03 by 0.000s
[2K[1A[2K[GBuild finished at 00:18:03 by 0.000s
[2K[1A[2K[GBuild finished at 00:18:03 by 0.000s
[2K[1A[2K[G DONE  Compiled successfully in 558ms00:18:03

Build finished at 00:18:03 by 0.000s
[2K[1A[2K[G
  App running at:
  - Local:   http://localhost:8083/ 
  - Network: unavailable

Build finished at 00:18:03 by 0.000s
[2K[1A[2K[GBuild finished at 00:18:03 by 0.000s
[2K[1A[2K[GBuild finished at 00:18:03 by 0.000s
[2K[1A[2K[GBuild finished at 00:18:03 by 0.000s
[2K[1A[2K[GBuild finished at 00:18:03 by 0.000s
[2K[1A[2K[GBuild finished at 00:18:03 by 0.000s
[2K[1A[2K[GBuild finished at 00:18:03 by 0.000s
[2K[1A[2K[GBuild finished at 00:18:03 by 0.000s
[2K[1A[2K[G WAIT  Compiling...00:18:22

Compiling...

[2K[1A[2K[G[1%] cache (end idle)
[2K[1A[2K[G[3%] setup (watch run)
[2K[1A[2K[G[3%] setup (watch run webpack-dev-middleware)
[2K[1A[2K[G[3%] setup (watch run)
[2K[1A[2K[G[4%] setup (normal module factory)
[2K[1A[2K[G[4%] setup (normal module factory CaseSensitivePathsPlugin)
[2K[1A[2K[G[4%] setup (normal module factory)
[2K[1A[2K[G[5%] setup (context module factory)
[2K[1A[2K[G[6%] setup (before compile)
[2K[1A[2K[G[6%] setup (before compile ProgressPlugin)
[2K[1A[2K[G[6%] setup (before compile)
[2K[1A[2K[G[7%] setup (compile)
[2K[1A[2K[G[7%] setup (compile ExternalsPlugin)
[2K[1A[2K[G[7%] setup (compile)
[2K[1A[2K[G[8%] setup (compilation)
[2K[1A[2K[G[8%] setup (compilation HtmlWebpackPlugin)
[2K[1A[2K[G[8%] setup (compilation CopyPlugin)
[2K[1A[2K[G[8%] setup (compilation ArrayPushCallbackChunkFormatPlugin)
[2K[1A[2K[G[8%] setup (compilation JsonpChunkLoadingPlugin)
[2K[1A[2K[G[8%] setup (compilation StartupChunkDependenciesPlugin)
[2K[1A[2K[G[8%] setup (compilation ImportScriptsChunkLoadingPlugin)
[2K[1A[2K[G[8%] setup (compilation WorkerPlugin)
[2K[1A[2K[G[8%] setup (compilation SplitChunksPlugin)
[2K[1A[2K[G[8%] setup (compilation ResolverCachePlugin)
[2K[1A[2K[G[8%] setup (compilation)
[2K[1A[2K[G[9%] setup (compilation)
[2K[1A[2K[G[9%] setup (compilation vue-loader-plugin)
[2K[1A[2K[G[9%] setup (compilation DefinePlugin)
[2K[1A[2K[G[9%] setup (compilation ProgressPlugin)
[2K[1A[2K[G[9%] setup (compilation EntryPlugin)
[2K[1A[2K[G[9%] setup (compilation ExternalsPlugin)
[2K[1A[2K[G[9%] setup (compilation ChunkPrefetchPreloadPlugin)
[2K[1A[2K[G[9%] setup (compilation ModuleInfoHeaderPlugin)
[2K[1A[2K[G[9%] setup (compilation EvalSourceMapDevToolPlugin)
[2K[1A[2K[G[9%] setup (compilation JavascriptModulesPlugin)
[2K[1A[2K[G[9%] setup (compilation JsonModulesPlugin)
[2K[1A[2K[G[9%] setup (compilation AssetModulesPlugin)
[2K[1A[2K[G[9%] setup (compilation EntryPlugin)
[2K[1A[2K[G[9%] setup (compilation RuntimePlugin)
[2K[1A[2K[G[9%] setup (compilation InferAsyncModulesPlugin)
[2K[1A[2K[G[9%] setup (compilation DataUriPlugin)
[2K[1A[2K[G[9%] setup (compilation FileUriPlugin)
[2K[1A[2K[G[9%] setup (compilation CompatibilityPlugin)
[2K[1A[2K[G[9%] setup (compilation HarmonyModulesPlugin)
[2K[1A[2K[G[9%] setup (compilation AMDPlugin)
[2K[1A[2K[G[9%] setup (compilation RequireJsStuffPlugin)
[2K[1A[2K[G[9%] setup (compilation CommonJsPlugin)
[2K[1A[2K[G[9%] setup (compilation LoaderPlugin)
[2K[1A[2K[G[9%] setup (compilation NodeStuffPlugin)
[2K[1A[2K[G[9%] setup (compilation APIPlugin)
[2K[1A[2K[G[9%] setup (compilation ExportsInfoApiPlugin)
[2K[1A[2K[G[9%] setup (compilation WebpackIsIncludedPlugin)
[2K[1A[2K[G[9%] setup (compilation ConstPlugin)
[2K[1A[2K[G[9%] setup (compilation UseStrictPlugin)
[2K[1A[2K[G[9%] setup (compilation RequireIncludePlugin)
[2K[1A[2K[G[9%] setup (compilation RequireEnsurePlugin)
[2K[1A[2K[G[9%] setup (compilation RequireContextPlugin)
[2K[1A[2K[G[9%] setup (compilation ImportPlugin)
[2K[1A[2K[G[9%] setup (compilation ImportMetaContextPlugin)
[2K[1A[2K[G[9%] setup (compilation SystemPlugin)
[2K[1A[2K[G[9%] setup (compilation ImportMetaPlugin)
[2K[1A[2K[G[9%] setup (compilation URLPlugin)
[2K[1A[2K[G[9%] setup (compilation DefaultStatsFactoryPlugin)
[2K[1A[2K[G[9%] setup (compilation DefaultStatsPresetPlugin)
[2K[1A[2K[G[9%] setup (compilation DefaultStatsPrinterPlugin)
[2K[1A[2K[G[9%] setup (compilation JavascriptMetaInfoPlugin)
[2K[1A[2K[G[9%] setup (compilation EnsureChunkConditionsPlugin)
[2K[1A[2K[G[9%] setup (compilation RemoveEmptyChunksPlugin)
[2K[1A[2K[G[9%] setup (compilation MergeDuplicateChunksPlugin)
[2K[1A[2K[G[9%] setup (compilation SideEffectsFlagPlugin)
[2K[1A[2K[G[9%] setup (compilation FlagDependencyExportsPlugin)
[2K[1A[2K[G[9%] setup (compilation NamedModuleIdsPlugin)
[2K[1A[2K[G[9%] setup (compilation NamedChunkIdsPlugin)
[2K[1A[2K[G[9%] setup (compilation DefinePlugin)
[2K[1A[2K[G[9%] setup (compilation TemplatedPathPlugin)
[2K[1A[2K[G[9%] setup (compilation RecordIdsPlugin)
[2K[1A[2K[G[9%] setup (compilation WarnCaseSensitiveModulesPlugin)
[2K[1A[2K[G[9%] setup (compilation EntryPlugin)
[2K[1A[2K[G[9%] setup (compilation ProvidePlugin)
[2K[1A[2K[G[9%] setup (compilation HotModuleReplacementPlugin)
[2K[1A[2K[G[9%] setup (compilation ProgressPlugin)
[2K[1A[2K[G[9%] setup (compilation)
[2K[1A[2K[G[10%] building 
[2K[1A[2K[G[10%] building (0/0 modules)
[2K[1A[2K[G[24%] building (1/4 modules)
[2K[1A[2K[G[38%] building (66/9 modules)
[2K[1A[2K[G[51%] building (123/14 modules)
[2K[1A[2K[G[51%] building (import loader @vue/vue-loader-v15/lib/index.js)
[2K[1A[2K[G[51%] building (156/34 modules)
[2K[1A[2K[G[51%] building (import loader babel-loader/lib/index.js)
[2K[1A[2K[G[51%] building (import loader @vue/vue-loader-v15/lib/loaders/templateLoader.js)
[2K[1A[2K[G[51%] building (274/63 modules)
[2K[1A[2K[G[51%] building (import loader css-loader/dist/cjs.js)
[2K[1A[2K[G[51%] building (import loader @vue/vue-loader-v15/lib/loaders/stylePostLoader.js
)
[2K[1A[2K[1A[2K[G[51%] building (import loader postcss-loader/dist/cjs.js)
[2K[1A[2K[G[51%] building (274/64 modules)
[2K[1A[2K[G[65%] building (288/76 modules)
[2K[1A[2K[G[65%] building 
[2K[1A[2K[G[69%] building (finish)
[2K[1A[2K[G[70%] sealing (finish module graph)
[2K[1A[2K[G[70%] sealing (finish module graph ResolverCachePlugin)
[2K[1A[2K[G[70%] sealing (finish module graph InferAsyncModulesPlugin)
[2K[1A[2K[G[70%] sealing (finish module graph FlagDependencyExportsPlugin)
[2K[1A[2K[G[70%] sealing (finish module graph)
[2K[1A[2K[G[71%] sealing (plugins)
[2K[1A[2K[G[71%] sealing (plugins WarnCaseSensitiveModulesPlugin)
[2K[1A[2K[G[71%] sealing (plugins)
[2K[1A[2K[G[71%] sealing (dependencies optimization)
[2K[1A[2K[G[71%] sealing (dependencies optimization SideEffectsFlagPlugin)
[2K[1A[2K[G[71%] sealing (dependencies optimization)
[2K[1A[2K[G[72%] sealing (after dependencies optimization)
[2K[1A[2K[G[73%] sealing (chunk graph)
[2K[1A[2K[G[73%] sealing (after chunk graph)
[2K[1A[2K[G[74%] sealing (optimizing)
[2K[1A[2K[G[74%] sealing (module optimization)
[2K[1A[2K[G[75%] sealing (after module optimization)
[2K[1A[2K[G[76%] sealing (chunk optimization)
[2K[1A[2K[G[76%] sealing (chunk optimization EnsureChunkConditionsPlugin)
[2K[1A[2K[G[76%] sealing (chunk optimization RemoveEmptyChunksPlugin)
[2K[1A[2K[G[76%] sealing (chunk optimization MergeDuplicateChunksPlugin)
[2K[1A[2K[G[76%] sealing (chunk optimization SplitChunksPlugin)
[2K[1A[2K[G[76%] sealing (chunk optimization RemoveEmptyChunksPlugin)
[2K[1A[2K[G[76%] sealing (chunk optimization)
[2K[1A[2K[G[76%] sealing (after chunk optimization)
[2K[1A[2K[G[77%] sealing (module and chunk tree optimization)
[2K[1A[2K[G[77%] sealing (module and chunk tree optimization PersistentChildCompilerSinglet
onPlugin)
[2K[1A[2K[1A[2K[G[77%] sealing (module and chunk tree optimization)
[2K[1A[2K[G[78%] sealing (after module and chunk tree optimization)
[2K[1A[2K[G[78%] sealing (chunk modules optimization)
[2K[1A[2K[G[79%] sealing (after chunk modules optimization)
[2K[1A[2K[G[80%] sealing (module reviving)
[2K[1A[2K[G[80%] sealing (module reviving RecordIdsPlugin)
[2K[1A[2K[G[80%] sealing (module reviving)
[2K[1A[2K[G[80%] sealing (before module ids)
[2K[1A[2K[G[81%] sealing (module ids)
[2K[1A[2K[G[81%] sealing (module ids NamedModuleIdsPlugin)
[2K[1A[2K[G[81%] sealing (module ids)
[2K[1A[2K[G[82%] sealing (module id optimization)
[2K[1A[2K[G[82%] sealing (module id optimization)
[2K[1A[2K[G[83%] sealing (chunk reviving)
[2K[1A[2K[G[83%] sealing (chunk reviving RecordIdsPlugin)
[2K[1A[2K[G[83%] sealing (chunk reviving)
[2K[1A[2K[G[83%] sealing (before chunk ids)
[2K[1A[2K[G[84%] sealing (chunk ids)
[2K[1A[2K[G[84%] sealing (chunk ids NamedChunkIdsPlugin)
[2K[1A[2K[G[84%] sealing (chunk ids)
[2K[1A[2K[G[85%] sealing (chunk id optimization)
[2K[1A[2K[G[85%] sealing (after chunk id optimization)
[2K[1A[2K[G[86%] sealing (record modules)
[2K[1A[2K[G[86%] sealing (record modules RecordIdsPlugin)
[2K[1A[2K[G[86%] sealing (record modules)
[2K[1A[2K[G[87%] sealing (record chunks)
[2K[1A[2K[G[87%] sealing (record chunks RecordIdsPlugin)
[2K[1A[2K[G[87%] sealing (record chunks)
[2K[1A[2K[G[87%] sealing (module hashing)
[2K[1A[2K[G[88%] sealing (code generation)
[2K[1A[2K[G[89%] sealing (runtime requirements)
[2K[1A[2K[G[89%] sealing (hashing)
[2K[1A[2K[G[90%] sealing (after hashing)
[2K[1A[2K[G[91%] sealing (record hash)
[2K[1A[2K[G[91%] sealing (module assets processing)
[2K[1A[2K[G[92%] sealing (chunk assets processing)
[2K[1A[2K[G[92%] sealing (asset processing)
[2K[1A[2K[G[92%] sealing (asset processing copy-webpack-plugin)
[2K[1A[2K[G[92%] sealing (asset processing HotModuleReplacementPlugin)
[2K[1A[2K[G[92%] sealing (asset processing PersistentChildCompilerSingletonPlugin)
[2K[1A[2K[G[92%] sealing (asset processing HtmlWebpackPlugin)
[2K[1A[2K[G[92%] sealing (asset processing)
[2K[1A[2K[G[93%] sealing (after asset optimization)
[2K[1A[2K[G[94%] sealing (recording)
[2K[1A[2K[G[94%] sealing (recording HotModuleReplacementPlugin)
[2K[1A[2K[G[94%] sealing (recording)
[2K[1A[2K[G[94%] sealing (after seal)
[2K[1A[2K[G[95%] emitting (emit)
[2K[1A[2K[G[98%] emitting (after emit)
[2K[1A[2K[GBuild finished at 00:18:22 by 0.000s
[2K[1A[2K[GBuild finished at 00:18:22 by 0.000s
[2K[1A[2K[GBuild finished at 00:18:22 by 0.000s
[2K[1A[2K[G DONE  Compiled successfully in 346ms00:18:22

Build finished at 00:18:22 by 0.000s
[2K[1A[2K[G
  App running at:
  - Local:   http://localhost:8083/ 
  - Network: unavailable

Build finished at 00:18:22 by 0.000s
[2K[1A[2K[GBuild finished at 00:18:22 by 0.000s
[2K[1A[2K[GBuild finished at 00:18:22 by 0.000s
[2K[1A[2K[GBuild finished at 00:18:22 by 0.000s
[2K[1A[2K[GBuild finished at 00:18:22 by 0.000s
[2K[1A[2K[GBuild finished at 00:18:22 by 0.000s
[2K[1A[2K[GBuild finished at 00:18:22 by 0.000s
[2K[1A[2K[GBuild finished at 00:18:22 by 0.000s
[2K[1A[2K[G WAIT  Compiling...00:54:19

Compiling...

[2K[1A[2K[G[1%] cache (end idle)
[2K[1A[2K[G[3%] setup (watch run)
[2K[1A[2K[G[3%] setup (watch run webpack-dev-middleware)
[2K[1A[2K[G[3%] setup (watch run)
[2K[1A[2K[G[4%] setup (normal module factory)
[2K[1A[2K[G[4%] setup (normal module factory CaseSensitivePathsPlugin)
[2K[1A[2K[G[4%] setup (normal module factory)
[2K[1A[2K[G[5%] setup (context module factory)
[2K[1A[2K[G[6%] setup (before compile)
[2K[1A[2K[G[6%] setup (before compile ProgressPlugin)
[2K[1A[2K[G[6%] setup (before compile)
[2K[1A[2K[G[7%] setup (compile)
[2K[1A[2K[G[7%] setup (compile ExternalsPlugin)
[2K[1A[2K[G[7%] setup (compile)
[2K[1A[2K[G[8%] setup (compilation)
[2K[1A[2K[G[8%] setup (compilation HtmlWebpackPlugin)
[2K[1A[2K[G[8%] setup (compilation CopyPlugin)
[2K[1A[2K[G[8%] setup (compilation ArrayPushCallbackChunkFormatPlugin)
[2K[1A[2K[G[8%] setup (compilation JsonpChunkLoadingPlugin)
[2K[1A[2K[G[8%] setup (compilation StartupChunkDependenciesPlugin)
[2K[1A[2K[G[8%] setup (compilation ImportScriptsChunkLoadingPlugin)
[2K[1A[2K[G[8%] setup (compilation WorkerPlugin)
[2K[1A[2K[G[8%] setup (compilation SplitChunksPlugin)
[2K[1A[2K[G[8%] setup (compilation ResolverCachePlugin)
[2K[1A[2K[G[8%] setup (compilation)
[2K[1A[2K[G[9%] setup (compilation)
[2K[1A[2K[G[9%] setup (compilation vue-loader-plugin)
[2K[1A[2K[G[9%] setup (compilation DefinePlugin)
[2K[1A[2K[G[9%] setup (compilation ProgressPlugin)
[2K[1A[2K[G[9%] setup (compilation EntryPlugin)
[2K[1A[2K[G[9%] setup (compilation ExternalsPlugin)
[2K[1A[2K[G[9%] setup (compilation ChunkPrefetchPreloadPlugin)
[2K[1A[2K[G[9%] setup (compilation ModuleInfoHeaderPlugin)
[2K[1A[2K[G[9%] setup (compilation EvalSourceMapDevToolPlugin)
[2K[1A[2K[G[9%] setup (compilation JavascriptModulesPlugin)
[2K[1A[2K[G[9%] setup (compilation JsonModulesPlugin)
[2K[1A[2K[G[9%] setup (compilation AssetModulesPlugin)
[2K[1A[2K[G[9%] setup (compilation EntryPlugin)
[2K[1A[2K[G[9%] setup (compilation RuntimePlugin)
[2K[1A[2K[G[9%] setup (compilation InferAsyncModulesPlugin)
[2K[1A[2K[G[9%] setup (compilation DataUriPlugin)
[2K[1A[2K[G[9%] setup (compilation FileUriPlugin)
[2K[1A[2K[G[9%] setup (compilation CompatibilityPlugin)
[2K[1A[2K[G[9%] setup (compilation HarmonyModulesPlugin)
[2K[1A[2K[G[9%] setup (compilation AMDPlugin)
[2K[1A[2K[G[9%] setup (compilation RequireJsStuffPlugin)
[2K[1A[2K[G[9%] setup (compilation CommonJsPlugin)
[2K[1A[2K[G[9%] setup (compilation LoaderPlugin)
[2K[1A[2K[G[9%] setup (compilation NodeStuffPlugin)
[2K[1A[2K[G[9%] setup (compilation APIPlugin)
[2K[1A[2K[G[9%] setup (compilation ExportsInfoApiPlugin)
[2K[1A[2K[G[9%] setup (compilation WebpackIsIncludedPlugin)
[2K[1A[2K[G[9%] setup (compilation ConstPlugin)
[2K[1A[2K[G[9%] setup (compilation UseStrictPlugin)
[2K[1A[2K[G[9%] setup (compilation RequireIncludePlugin)
[2K[1A[2K[G[9%] setup (compilation RequireEnsurePlugin)
[2K[1A[2K[G[9%] setup (compilation RequireContextPlugin)
[2K[1A[2K[G[9%] setup (compilation ImportPlugin)
[2K[1A[2K[G[9%] setup (compilation ImportMetaContextPlugin)
[2K[1A[2K[G[9%] setup (compilation SystemPlugin)
[2K[1A[2K[G[9%] setup (compilation ImportMetaPlugin)
[2K[1A[2K[G[9%] setup (compilation URLPlugin)
[2K[1A[2K[G[9%] setup (compilation DefaultStatsFactoryPlugin)
[2K[1A[2K[G[9%] setup (compilation DefaultStatsPresetPlugin)
[2K[1A[2K[G[9%] setup (compilation DefaultStatsPrinterPlugin)
[2K[1A[2K[G[9%] setup (compilation JavascriptMetaInfoPlugin)
[2K[1A[2K[G[9%] setup (compilation EnsureChunkConditionsPlugin)
[2K[1A[2K[G[9%] setup (compilation RemoveEmptyChunksPlugin)
[2K[1A[2K[G[9%] setup (compilation MergeDuplicateChunksPlugin)
[2K[1A[2K[G[9%] setup (compilation SideEffectsFlagPlugin)
[2K[1A[2K[G[9%] setup (compilation FlagDependencyExportsPlugin)
[2K[1A[2K[G[9%] setup (compilation NamedModuleIdsPlugin)
[2K[1A[2K[G[9%] setup (compilation NamedChunkIdsPlugin)
[2K[1A[2K[G[9%] setup (compilation DefinePlugin)
[2K[1A[2K[G[9%] setup (compilation TemplatedPathPlugin)
[2K[1A[2K[G[9%] setup (compilation RecordIdsPlugin)
[2K[1A[2K[G[9%] setup (compilation WarnCaseSensitiveModulesPlugin)
[2K[1A[2K[G[9%] setup (compilation EntryPlugin)
[2K[1A[2K[G[9%] setup (compilation ProvidePlugin)
[2K[1A[2K[G[9%] setup (compilation HotModuleReplacementPlugin)
[2K[1A[2K[G[9%] setup (compilation ProgressPlugin)
[2K[1A[2K[G[9%] setup (compilation)
[2K[1A[2K[G[10%] building 
[2K[1A[2K[G[10%] building (0/0 modules)
[2K[1A[2K[G[24%] building (7/5 modules)
[2K[1A[2K[G[38%] building (36/11 modules)
[2K[1A[2K[G[51%] building (73/13 modules)
[2K[1A[2K[G[51%] building (import loader @vue/vue-loader-v15/lib/index.js)
[2K[1A[2K[G[51%] building (278/54 modules)
[2K[1A[2K[G[51%] building (import loader babel-loader/lib/index.js)
[2K[1A[2K[G[51%] building (import loader @vue/vue-loader-v15/lib/loaders/templateLoader.js)
[2K[1A[2K[G[51%] building (278/61 modules)
[2K[1A[2K[G[51%] building (import loader css-loader/dist/cjs.js)
[2K[1A[2K[G[51%] building (import loader @vue/vue-loader-v15/lib/loaders/stylePostLoader.js
)
[2K[1A[2K[1A[2K[G[51%] building (import loader postcss-loader/dist/cjs.js)
[2K[1A[2K[G[51%] building (278/63 modules)
[2K[1A[2K[G[65%] building (288/66 modules)
[2K[1A[2K[G[65%] building 
[2K[1A[2K[G[69%] building (finish)
[2K[1A[2K[G[70%] sealing (finish module graph)
[2K[1A[2K[G[70%] sealing (finish module graph ResolverCachePlugin)
[2K[1A[2K[G[70%] sealing (finish module graph InferAsyncModulesPlugin)
[2K[1A[2K[G[70%] sealing (finish module graph FlagDependencyExportsPlugin)
[2K[1A[2K[G[70%] sealing (finish module graph)
[2K[1A[2K[G[71%] sealing (plugins)
[2K[1A[2K[G[71%] sealing (plugins WarnCaseSensitiveModulesPlugin)
[2K[1A[2K[G[71%] sealing (plugins)
[2K[1A[2K[G[71%] sealing (dependencies optimization)
[2K[1A[2K[G[71%] sealing (dependencies optimization SideEffectsFlagPlugin)
[2K[1A[2K[G[71%] sealing (dependencies optimization)
[2K[1A[2K[G[72%] sealing (after dependencies optimization)
[2K[1A[2K[G[73%] sealing (chunk graph)
[2K[1A[2K[G[73%] sealing (after chunk graph)
[2K[1A[2K[G[74%] sealing (optimizing)
[2K[1A[2K[G[74%] sealing (module optimization)
[2K[1A[2K[G[75%] sealing (after module optimization)
[2K[1A[2K[G[76%] sealing (chunk optimization)
[2K[1A[2K[G[76%] sealing (chunk optimization EnsureChunkConditionsPlugin)
[2K[1A[2K[G[76%] sealing (chunk optimization RemoveEmptyChunksPlugin)
[2K[1A[2K[G[76%] sealing (chunk optimization MergeDuplicateChunksPlugin)
[2K[1A[2K[G[76%] sealing (chunk optimization SplitChunksPlugin)
[2K[1A[2K[G[76%] sealing (chunk optimization RemoveEmptyChunksPlugin)
[2K[1A[2K[G[76%] sealing (chunk optimization)
[2K[1A[2K[G[76%] sealing (after chunk optimization)
[2K[1A[2K[G[77%] sealing (module and chunk tree optimization)
[2K[1A[2K[G[77%] sealing (module and chunk tree optimization PersistentChildCompilerSinglet
onPlugin)
[2K[1A[2K[1A[2K[G[77%] sealing (module and chunk tree optimization)
[2K[1A[2K[G[78%] sealing (after module and chunk tree optimization)
[2K[1A[2K[G[78%] sealing (chunk modules optimization)
[2K[1A[2K[G[79%] sealing (after chunk modules optimization)
[2K[1A[2K[G[80%] sealing (module reviving)
[2K[1A[2K[G[80%] sealing (module reviving RecordIdsPlugin)
[2K[1A[2K[G[80%] sealing (module reviving)
[2K[1A[2K[G[80%] sealing (before module ids)
[2K[1A[2K[G[81%] sealing (module ids)
[2K[1A[2K[G[81%] sealing (module ids NamedModuleIdsPlugin)
[2K[1A[2K[G[81%] sealing (module ids)
[2K[1A[2K[G[82%] sealing (module id optimization)
[2K[1A[2K[G[82%] sealing (module id optimization)
[2K[1A[2K[G[83%] sealing (chunk reviving)
[2K[1A[2K[G[83%] sealing (chunk reviving RecordIdsPlugin)
[2K[1A[2K[G[83%] sealing (chunk reviving)
[2K[1A[2K[G[83%] sealing (before chunk ids)
[2K[1A[2K[G[84%] sealing (chunk ids)
[2K[1A[2K[G[84%] sealing (chunk ids NamedChunkIdsPlugin)
[2K[1A[2K[G[84%] sealing (chunk ids)
[2K[1A[2K[G[85%] sealing (chunk id optimization)
[2K[1A[2K[G[85%] sealing (after chunk id optimization)
[2K[1A[2K[G[86%] sealing (record modules)
[2K[1A[2K[G[86%] sealing (record modules RecordIdsPlugin)
[2K[1A[2K[G[86%] sealing (record modules)
[2K[1A[2K[G[87%] sealing (record chunks)
[2K[1A[2K[G[87%] sealing (record chunks RecordIdsPlugin)
[2K[1A[2K[G[87%] sealing (record chunks)
[2K[1A[2K[G[87%] sealing (module hashing)
[2K[1A[2K[G[88%] sealing (code generation)
[2K[1A[2K[G[89%] sealing (runtime requirements)
[2K[1A[2K[G[89%] sealing (hashing)
[2K[1A[2K[G[90%] sealing (after hashing)
[2K[1A[2K[G[91%] sealing (record hash)
[2K[1A[2K[G[91%] sealing (module assets processing)
[2K[1A[2K[G[92%] sealing (chunk assets processing)
[2K[1A[2K[G[92%] sealing (asset processing)
[2K[1A[2K[G[92%] sealing (asset processing copy-webpack-plugin)
[2K[1A[2K[G[92%] sealing (asset processing HotModuleReplacementPlugin)
[2K[1A[2K[G[92%] sealing (asset processing PersistentChildCompilerSingletonPlugin)
[2K[1A[2K[G[92%] sealing (asset processing HtmlWebpackPlugin)
[2K[1A[2K[G[92%] sealing (asset processing)
[2K[1A[2K[G[93%] sealing (after asset optimization)
[2K[1A[2K[G[94%] sealing (recording)
[2K[1A[2K[G[94%] sealing (recording HotModuleReplacementPlugin)
[2K[1A[2K[G[94%] sealing (recording)
[2K[1A[2K[G[94%] sealing (after seal)
[2K[1A[2K[G[95%] emitting (emit)
[2K[1A[2K[G[98%] emitting (after emit)
[2K[1A[2K[GBuild finished at 00:54:20 by 0.000s
[2K[1A[2K[GBuild finished at 00:54:20 by 0.000s
[2K[1A[2K[GBuild finished at 00:54:20 by 0.000s
[2K[1A[2K[G DONE  Compiled successfully in 843ms00:54:20

Build finished at 00:54:20 by 0.000s
[2K[1A[2K[G
  App running at:
  - Local:   http://localhost:8083/ 
  - Network: unavailable

Build finished at 00:54:20 by 0.000s
[2K[1A[2K[GBuild finished at 00:54:20 by 0.000s
[2K[1A[2K[GBuild finished at 00:54:20 by 0.000s
[2K[1A[2K[GBuild finished at 00:54:20 by 0.000s
[2K[1A[2K[GBuild finished at 00:54:20 by 0.000s
[2K[1A[2K[GBuild finished at 00:54:20 by 0.000s
[2K[1A[2K[GBuild finished at 00:54:20 by 0.000s
[2K[1A[2K[GBuild finished at 00:54:20 by 0.000s
[2K[1A[2K[G